{"stats":{"minecraft:picked_up":{"minecraft:crafting_table":6,"minecraft:wheat":67,"minecraft:anvil":1,"minecraft:wooden_pickaxe":1,"minecraft:wither_rose":3,"minecraft:enchanted_book":2,"minecraft:amethyst_block":12,"minecraft:string":3,"minecraft:raw_copper":38,"minecraft:beetroot":1,"vanillaplustools:stone_shovel":1,"minecraft:cobbled_deepslate":1298,"comforts:sleeping_bag_white":1,"minecraft:beef":7,"minecraft:calcite":2,"minecraft:iron_pickaxe":4,"minecraft:egg":1,"minecraft:stick":169,"minecraft:raw_iron":182,"minecraft:stone":2,"minecraft:torch":22,"astikorcarts:animal_cart":1,"tombstone:grave_dust":2,"minecraft:diorite":70,"minecraft:carrot":133,"minecraft:redstone":63,"minecraft:stone_sword":2,"minecraft:arrow":12,"minecraft:rotten_flesh":4,"minecraft:beetroot_seeds":4,"minecraft:hay_block":1,"artifacts:panic_necklace":1,"minecraft:obsidian":2,"minecraft:snowball":2,"minecraft:white_wool":19,"minecraft:cobblestone":696,"minecraft:golden_carrot":6,"minecraft:glow_ink_sac":3,"minecraft:andesite":27,"minecraft:jungle_log":73,"botania:light_gray_mushroom":1,"alexsmobs:bison_fur":1,"minecraft:flint":4,"minecraft:tuff":89,"scalinghealth:bandages":1,"minecraft:gunpowder":2,"botania:red_mushroom":2,"minecraft:lapis_lazuli":149,"minecraft:dirt":107,"tombstone:gift":2,"botania:black_mystical_flower":1,"minecraft:bone":5,"minecraft:chipped_anvil":1,"minecraft:wheat_seeds":250,"minecraft:raw_gold":45,"minecraft:iron_ingot":2,"minecraft:stone_pickaxe":4,"scalinghealth:power_crystal_shard":3,"minecraft:soul_sand":1,"scalinghealth:heart_crystal_shard":3,"minecraft:smooth_basalt":4,"minecraft:gravel":71,"minecraft:amethyst_shard":26,"minecraft:grass_block":1,"vampirism:altar_infusion":2,"minecraft:jungle_slab":1,"biomesoplenty:glowing_moss_block":1,"minecraft:diamond":37,"minecraft:stone_axe":2,"minecraft:granite":18,"minecraft:emerald":1,"minecraft:coal":210,"minecraft:ender_pearl":1,"minecraft:diamond_pickaxe":1},"minecraft:crafted":{"globalxp:xp_block":1,"comforts:sleeping_bag_white":1,"minecraft:furnace":9,"minecraft:stone_button":8,"minecraft:stone":8,"securitycraft:keypad_item":1,"minecraft:heavy_weighted_pressure_plate":1,"minecraft:iron_bars":16,"astikorcarts:animal_cart":1,"minecraft:bow":1,"minecraft:iron_boots":1,"tombstone:grave_key":1,"minecraft:stone_pickaxe":7,"minecraft:chest":2,"astikorcarts:wheel":2,"minecraft:crafting_table":5,"minecraft:iron_helmet":1,"minecraft:wooden_pickaxe":1,"minecraft:iron_sword":1,"minecraft:bucket":1,"minecraft:stone_axe":2,"minecraft:air":0,"minecraft:bread":13,"minecraft:jungle_planks":142,"minecraft:iron_chestplate":1,"minecraft:diamond_pickaxe":2,"minecraft:stick":112,"minecraft:iron_ingot":81,"minecraft:iron_pickaxe":4,"minecraft:stone_sword":1,"minecraft:iron_leggings":1,"minecraft:gold_ingot":4,"minecraft:white_bed":1,"minecraft:torch":168,"minecraft:jungle_sign":3},"minecraft:dropped":{"minecraft:iron_ingot":1,"minecraft:soul_sand":1,"minecraft:wheat_seeds":287,"minecraft:cobblestone":34,"minecraft:granite":1,"botania:red_mushroom":1,"minecraft:coal":85,"alexsmobs:bison_fur":1,"minecraft:dirt":17,"minecraft:diorite":64,"minecraft:torch":1,"botania:light_gray_mushroom":1,"minecraft:wither_rose":3,"minecraft:iron_pickaxe":4,"vampirism:altar_infusion":2,"minecraft:gravel":66,"minecraft:stone_axe":3,"minecraft:stone_sword":3,"minecraft:cobbled_deepslate":37,"minecraft:raw_copper":36,"vampirism:vampire_orchid":1,"minecraft:tuff":5,"minecraft:wheat":5,"farmersdelight:cabbage_seeds":1,"minecraft:rotten_flesh":1,"biomesoplenty:glowing_moss_block":1,"minecraft:carrot":6,"minecraft:leather_chestplate":1,"minecraft:diamond_pickaxe":1,"minecraft:andesite":20,"minecraft:beetroot_seeds":4,"minecraft:jungle_log":1,"minecraft:leather_leggings":1,"minecraft:arrow":2,"minecraft:wooden_pickaxe":2,"minecraft:stone_pickaxe":4},"minecraft:custom":{"minecraft:interact_with_anvil":1,"minecraft:mob_kills":28,"minecraft:interact_with_crafting_table":55,"minecraft:open_barrel":15,"minecraft:damage_dealt_resisted":567,"minecraft:leave_game":5,"minecraft:time_since_death":0,"minecraft:climb_one_cm":4456,"minecraft:sprint_one_cm":499203,"minecraft:walk_one_cm":627131,"minecraft:drop":131,"minecraft:talked_to_villager":1,"minecraft:play_time":283534,"minecraft:sneak_time":20731,"minecraft:deaths":8,"minecraft:walk_under_water_one_cm":5564,"minecraft:jump":4738,"minecraft:walk_on_water_one_cm":29937,"minecraft:total_world_time":283534,"minecraft:interact_with_furnace":41,"tombstone:raider_killed":1,"minecraft:sleep_in_bed":9,"minecraft:time_since_rest":620,"minecraft:waystone_activated":2,"minecraft:damage_taken":5547,"minecraft:damage_dealt":9737,"minecraft:swim_one_cm":22594,"minecraft:fly_one_cm":708115,"minecraft:open_chest":44,"minecraft:crouch_one_cm":54937,"tombstone:undead_killed":10,"minecraft:interact_with_smoker":2,"minecraft:fall_one_cm":136883},"minecraft:mined":{"minecraft:infested_deepslate":1,"biomesoplenty:glowing_moss_block":1,"minecraft:tuff":100,"minecraft:deepslate_diamond_ore":37,"minecraft:jungle_slab":1,"botania:red_mushroom":1,"minecraft:obsidian":2,"minecraft:glow_lichen":1,"minecraft:granite":18,"minecraft:budding_amethyst":6,"minecraft:grass_block":22,"minecraft:jungle_log":73,"minecraft:hay_block":1,"botania:light_gray_mushroom":1,"minecraft:iron_ore":48,"minecraft:cobbled_deepslate":6,"minecraft:snow":2,"minecraft:andesite":28,"minecraft:anvil":1,"minecraft:deepslate_lapis_ore":15,"vampirism:altar_infusion":2,"minecraft:deepslate_iron_ore":104,"minecraft:vine":2,"scalinghealth:deepslate_power_crystal_ore":3,"minecraft:stone":647,"minecraft:white_wool":20,"minecraft:deepslate_redstone_ore":39,"biomesoplenty:glowworm_silk":2,"minecraft:amethyst_cluster":13,"minecraft:crafting_table":6,"minecraft:torch":8,"minecraft:calcite":2,"minecraft:copper_ore":11,"minecraft:tall_grass":2,"minecraft:cobblestone":2,"minecraft:deepslate_gold_ore":45,"minecraft:lapis_ore":8,"minecraft:sculk":3,"botania:black_mystical_flower":1,"minecraft:diorite":45,"minecraft:wall_torch":11,"minecraft:amethyst_block":12,"minecraft:deepslate_copper_ore":2,"minecraft:birch_leaves":1,"minecraft:grass":7,"biomesoplenty:clover":1,"minecraft:coal_ore":165,"minecraft:gravel":72,"minecraft:dirt":62,"minecraft:smooth_basalt":4,"minecraft:chipped_anvil":1,"minecraft:deepslate":1531},"minecraft:broken":{"minecraft:leather_helmet":1,"minecraft:stone_pickaxe":7,"minecraft:leather_boots":1,"minecraft:iron_pickaxe":4,"vanillaplustools:stone_shovel":1},"minecraft:used":{"minecraft:beetroot":1,"minecraft:stone_sword":50,"minecraft:chest":2,"minecraft:iron_sword":122,"botania:black_mystical_flower":1,"astikorcarts:animal_cart":1,"minecraft:torch":176,"minecraft:dirt":89,"securitycraft:keypad_item":1,"minecraft:jungle_planks":29,"minecraft:carrot":98,"minecraft:tuff":54,"minecraft:granite":17,"minecraft:snowball":2,"minecraft:golden_carrot":1,"minecraft:bow":8,"minecraft:beef":7,"minecraft:hay_block":1,"minecraft:furnace":9,"tombstone:gift":5,"minecraft:egg":1,"comforts:sleeping_bag_white":1,"minecraft:cobbled_deepslate":87,"minecraft:water_bucket":19,"minecraft:diorite":6,"minecraft:leather_leggings":1,"minecraft:stone_pickaxe":919,"minecraft:wooden_pickaxe":29,"minecraft:leather_chestplate":1,"minecraft:crafting_table":11,"vanillaplustools:stone_shovel":24,"minecraft:white_bed":1,"minecraft:diamond_pickaxe":885,"minecraft:bread":14,"minecraft:iron_pickaxe":1114,"minecraft:leather_helmet":1,"tombstone:grave_key":1,"minecraft:gravel":5,"minecraft:stone_axe":106,"minecraft:jungle_sign":1,"minecraft:cobblestone":291,"minecraft:andesite":7,"minecraft:bucket":20,"alexsmobs:animal_dictionary":1},"minecraft:killed_by":{"graveyard:ghoul":1,"minecraft:enderman":1,"alexsmobs:bison":1,"minecraft:warden":1},"minecraft:killed":{"vampirism:vampire":2,"minecraft:spider":4,"minecraft:skeleton":5,"graveyard:reaper":1,"alexsmobs:bison":2,"goblintraders:goblin_trader":1,"artifacts:mimic":1,"graveyard:ghoul":3,"alexsmobs:seal":1,"minecraft:zombie":2,"minecraft:glow_squid":1,"takesapillage:archer":1,"minecraft:enderman":1}},"DataVersion":3120}