{"stats":{"minecraft:mined":{"minecraft:jungle_slab":1,"minecraft:sculk_vein":1,"minecraft:jungle_leaves":3,"minecraft:obsidian":2,"minecraft:granite":25,"minecraft:budding_amethyst":6,"minecraft:grass_block":31,"minecraft:jungle_log":447,"botania:light_gray_mushroom":1,"minecraft:iron_ore":63,"minecraft:cobbled_deepslate":15,"minecraft:deepslate_lapis_ore":17,"minecraft:anvil":1,"scalinghealth:deepslate_power_crystal_ore":3,"minecraft:deepslate_redstone_ore":39,"biomesoplenty:glowworm_silk":2,"minecraft:amethyst_cluster":13,"minecraft:torch":16,"minecraft:calcite":2,"minecraft:chest":4,"minecraft:cobblestone":8,"minecraft:wall_torch":21,"botania:black_mystical_flower":1,"minecraft:amethyst_block":12,"minecraft:deepslate_copper_ore":2,"vampirism:castle_block_dark_brick":4,"minecraft:grass":10,"biomesoplenty:clover":1,"minecraft:dirt":142,"minecraft:smooth_basalt":4,"vampirism:castle_block_dark_brick_bloody":2,"minecraft:oak_leaves":4,"minecraft:deepslate":1932,"minecraft:infested_deepslate":1,"biomesoplenty:glowing_moss_block":1,"minecraft:tuff":105,"minecraft:deepslate_diamond_ore":37,"minecraft:candle":1,"botania:red_mushroom":1,"minecraft:glow_lichen":1,"minecraft:hay_block":1,"minecraft:furnace":5,"minecraft:snow":2,"minecraft:andesite":76,"minecraft:bookshelf":2,"vampirism:altar_infusion":2,"minecraft:deepslate_iron_ore":112,"minecraft:vine":18,"minecraft:stone":931,"minecraft:white_wool":20,"scalinghealth:heart_crystal_ore":1,"minecraft:podzol":2,"minecraft:crafting_table":10,"minecraft:emerald_ore":1,"minecraft:sculk_sensor":7,"minecraft:lapis_ore":14,"minecraft:tall_grass":2,"minecraft:copper_ore":13,"biomesoplenty:sprout":3,"minecraft:deepslate_gold_ore":45,"minecraft:sculk":44,"minecraft:diorite":52,"biomesoplenty:mahogany_log":36,"minecraft:birch_leaves":1,"minecraft:coal_ore":174,"minecraft:gravel":72,"minecraft:chipped_anvil":1,"minecraft:fern":2},"minecraft:custom":{"minecraft:animals_bred":4,"minecraft:interact_with_crafting_table":98,"minecraft:open_barrel":15,"minecraft:leave_game":12,"minecraft:time_since_death":33208,"minecraft:sprint_one_cm":782122,"minecraft:drop":202,"minecraft:talked_to_villager":1,"minecraft:play_time":483847,"minecraft:deaths":17,"minecraft:jump":8157,"minecraft:walk_on_water_one_cm":43145,"minecraft:enchant_item":1,"minecraft:interact_with_furnace":92,"minecraft:sleep_in_bed":11,"minecraft:waystone_activated":2,"minecraft:damage_dealt":20776,"minecraft:crouch_one_cm":144216,"tombstone:undead_killed":24,"minecraft:interact_with_smoker":2,"minecraft:mob_kills":59,"minecraft:interact_with_anvil":1,"minecraft:damage_dealt_resisted":712,"minecraft:climb_one_cm":18145,"minecraft:walk_one_cm":1060311,"minecraft:sneak_time":53678,"minecraft:walk_under_water_one_cm":7177,"minecraft:total_world_time":483847,"tombstone:raider_killed":1,"minecraft:time_since_rest":32103,"minecraft:damage_taken":110860,"minecraft:swim_one_cm":29443,"minecraft:fly_one_cm":1199421,"minecraft:open_chest":158,"minecraft:fall_one_cm":229801},"minecraft:picked_up":{"minecraft:wheat":173,"minecraft:anvil":1,"minecraft:wither_rose":3,"minecraft:enchanted_book":2,"minecraft:amethyst_block":12,"minecraft:string":4,"minecraft:raw_copper":42,"minecraft:beetroot":1,"vanillaplustools:stone_shovel":1,"vampirism:cursed_spruce_planks":2,"minecraft:cobbled_deepslate":2732,"alexsmobs:banana":1,"comforts:sleeping_bag_white":1,"minecraft:spruce_planks":5,"minecraft:calcite":2,"minecraft:iron_pickaxe":7,"minecraft:furnace":5,"minecraft:stick":172,"minecraft:torch":58,"astikorcarts:animal_cart":1,"minecraft:diorite":70,"tombstone:grave_dust":6,"vampirism:vampire_fang":1,"minecraft:stone_sword":2,"minecraft:rotten_flesh":9,"chococraft:chocobo_drumstick_cooked":1,"artifacts:panic_necklace":1,"minecraft:obsidian":4,"minecraft:snowball":2,"minecraft:cobblestone":1171,"minecraft:feather":1,"minecraft:cooked_beef":4,"minecraft:jungle_log":525,"minecraft:andesite":53,"alexsmobs:bison_fur":1,"minecraft:flint":4,"minecraft:tuff":111,"graveyard:dark_iron_door":2,"minecraft:lapis_lazuli":218,"minecraft:dirt":642,"minecraft:bone":20,"minecraft:chipped_anvil":1,"minecraft:bow":2,"minecraft:wheat_seeds":365,"minecraft:raw_gold":45,"undergarden:gloomgourd_seeds":1,"minecraft:grass_block":1,"minecraft:jungle_slab":1,"blue_skies:pine_fruit_seeds":3,"minecraft:diamond":37,"minecraft:granite":20,"minecraft:emerald":1,"minecraft:bread":12,"scalinghealth:cursed_heart":1,"alexsmobs:maggot":2,"minecraft:oak_sapling":2,"minecraft:diamond_pickaxe":3,"minecraft:crafting_table":10,"minecraft:wooden_pickaxe":1,"artifacts:fire_gauntlet":1,"graveyard:corruption":2,"minecraft:candle":1,"minecraft:beef":7,"minecraft:jungle_sapling":3,"minecraft:chest":4,"minecraft:egg":1,"minecraft:raw_iron":205,"minecraft:stone":2,"farmersdelight:tomato_seeds":2,"minecraft:stone_button":1,"minecraft:carrot":133,"minecraft:redstone":127,"minecraft:arrow":25,"minecraft:beetroot_seeds":4,"minecraft:hay_block":1,"minecraft:white_wool":19,"minecraft:emerald_ore":1,"minecraft:golden_carrot":6,"minecraft:glow_ink_sac":6,"botania:light_gray_mushroom":1,"scalinghealth:bandages":1,"securitycraft:keypad_chest":3,"minecraft:gunpowder":2,"botania:red_mushroom":2,"scalinghealth:heart_crystal":1,"minecraft:wooden_hoe":1,"tombstone:gift":2,"botania:black_mystical_flower":1,"minecraft:iron_ingot":2,"minecraft:stone_pickaxe":4,"minecraft:cooked_chicken":1,"scalinghealth:power_crystal_shard":6,"tombstone:bag_of_seeds":1,"minecraft:iron_sword":1,"minecraft:soul_sand":1,"minecraft:book":6,"blue_skies:winter_leaf_seeds":2,"scalinghealth:heart_crystal_shard":8,"minecraft:smooth_basalt":4,"minecraft:gravel":78,"minecraft:amethyst_shard":26,"vampirism:altar_infusion":2,"biomesoplenty:glowing_moss_block":1,"artifacts:helium_flamingo":3,"biomesoplenty:mahogany_log":32,"vampirism:castle_block_dark_brick":6,"minecraft:stone_axe":2,"tombstone:magic_scroll":1,"minecraft:coal":221,"minecraft:ender_pearl":1},"minecraft:broken":{"minecraft:stone_pickaxe":7,"minecraft:leather_helmet":1,"minecraft:iron_axe":2,"minecraft:leather_boots":1,"minecraft:iron_pickaxe":6,"vanillaplustools:stone_shovel":1},"minecraft:killed":{"vampirism:vampire":2,"minecraft:spider":7,"creeperoverhaul:bamboo_creeper":1,"minecraft:skeleton":9,"vampirism:blinding_bat":1,"alexsmobs:leafcutter_ant":3,"minecraft:chicken":1,"graveyard:reaper":1,"minecraft:skeleton_horse":2,"artifacts:mimic":1,"alexsmobs:seal":1,"minecraft:zombie":9,"minecraft:glow_squid":1,"takesapillage:archer":1,"minecraft:cow":2,"chococraft:chocobo":1,"alexsmobs:gorilla":1,"alexsmobs:bison":2,"goblintraders:goblin_trader":1,"graveyard:ghoul":4,"minecraft:enderman":2},"minecraft:killed_by":{"vampirism:advanced_vampire":2,"graveyard:acolyte":1,"vampirism:vampire":1,"graveyard:ghoul":1,"minecraft:enderman":1,"alexsmobs:bison":1,"minecraft:warden":6},"minecraft:used":{"minecraft:beetroot":1,"minecraft:chest":7,"minecraft:iron_sword":235,"chococraft:chocobo_drumstick_cooked":1,"securitycraft:keypad_item":3,"minecraft:jungle_planks":37,"minecraft:carrot":188,"minecraft:tuff":54,"minecraft:snowball":2,"vanillaplustools:iron_shovel":7,"minecraft:bow":10,"minecraft:hay_block":1,"minecraft:furnace":17,"minecraft:egg":1,"minecraft:diorite":6,"minecraft:leather_leggings":1,"minecraft:stone_pickaxe":919,"minecraft:leather_chestplate":1,"minecraft:wooden_pickaxe":29,"minecraft:diamond_axe":53,"scalinghealth:cursed_heart":1,"securitycraft:universal_block_remover":3,"minecraft:bread":18,"tombstone:grave_key":1,"minecraft:gravel":5,"graveyard:dark_iron_door":2,"minecraft:jungle_sign":1,"globalxp:xp_block":1,"minecraft:andesite":7,"minecraft:enchanting_table":1,"minecraft:stone_sword":50,"securitycraft:keypad_chest":3,"botania:black_mystical_flower":1,"astikorcarts:animal_cart":1,"minecraft:cooked_chicken":1,"minecraft:torch":219,"minecraft:dirt":95,"scalinghealth:heart_crystal":1,"minecraft:granite":17,"minecraft:bookshelf":18,"minecraft:iron_axe":438,"minecraft:golden_carrot":2,"minecraft:beef":7,"tombstone:gift":5,"comforts:sleeping_bag_white":1,"minecraft:cobbled_deepslate":623,"minecraft:wheat_seeds":43,"minecraft:water_bucket":25,"biomesoplenty:mahogany_log":11,"minecraft:crafting_table":17,"vanillaplustools:stone_shovel":24,"minecraft:white_bed":1,"tombstone:bag_of_seeds":1,"minecraft:wooden_hoe":40,"minecraft:diamond_pickaxe":1340,"minecraft:iron_pickaxe":1501,"minecraft:leather_helmet":1,"minecraft:stone_axe":106,"minecraft:cobblestone":300,"minecraft:bucket":26,"alexsmobs:animal_dictionary":1},"minecraft:crafted":{"globalxp:xp_block":1,"minecraft:stone":81,"securitycraft:keypad_item":10,"minecraft:bookshelf":18,"minecraft:heavy_weighted_pressure_plate":10,"minecraft:iron_bars":16,"astikorcarts:animal_cart":1,"minecraft:bow":1,"minecraft:iron_boots":1,"tombstone:grave_key":1,"minecraft:chest":5,"astikorcarts:wheel":2,"minecraft:diamond_axe":1,"minecraft:crafting_table":7,"minecraft:wooden_pickaxe":1,"minecraft:iron_helmet":1,"minecraft:iron_chestplate":1,"minecraft:wooden_hoe":1,"minecraft:diamond_pickaxe":2,"minecraft:stick":168,"minecraft:iron_ingot":205,"minecraft:iron_pickaxe":4,"minecraft:stone_sword":1,"minecraft:gold_ingot":45,"minecraft:shears":1,"minecraft:jungle_sign":3,"comforts:sleeping_bag_white":1,"vanillaplustools:iron_shovel":2,"minecraft:furnace":12,"minecraft:stone_button":81,"minecraft:iron_axe":2,"securitycraft:universal_block_remover":1,"minecraft:stone_pickaxe":7,"minecraft:enchanting_table":1,"minecraft:iron_sword":1,"minecraft:bucket":1,"minecraft:stone_axe":2,"minecraft:bread":21,"minecraft:air":0,"minecraft:jungle_planks":474,"minecraft:iron_shovel":18,"minecraft:iron_leggings":1,"minecraft:white_bed":1,"minecraft:torch":204,"minecraft:lapis_lazuli":36,"minecraft:lapis_block":22},"minecraft:dropped":{"minecraft:iron_sword":1,"minecraft:soul_sand":1,"minecraft:candle":1,"botania:red_mushroom":1,"alexsmobs:bison_fur":1,"minecraft:dirt":17,"minecraft:stone_button":2,"botania:light_gray_mushroom":1,"minecraft:iron_pickaxe":7,"vampirism:altar_infusion":2,"minecraft:gravel":66,"minecraft:stone_axe":3,"minecraft:cobbled_deepslate":1715,"minecraft:wheat":16,"vampirism:vampire_orchid":1,"minecraft:obsidian":2,"tombstone:gift":1,"minecraft:rotten_flesh":1,"biomesoplenty:glowing_moss_block":1,"minecraft:carrot":7,"minecraft:leather_chestplate":1,"minecraft:gunpowder":2,"artifacts:helium_flamingo":2,"minecraft:beetroot_seeds":4,"minecraft:jungle_log":18,"minecraft:leather_leggings":1,"minecraft:arrow":7,"minecraft:iron_ingot":1,"minecraft:bread":18,"minecraft:wheat_seeds":356,"minecraft:cobblestone":82,"minecraft:granite":3,"vanillaplustools:iron_shovel":1,"minecraft:coal":97,"minecraft:diorite":64,"minecraft:torch":1,"minecraft:wither_rose":3,"minecraft:iron_shovel":1,"minecraft:smooth_basalt":4,"minecraft:stone_sword":3,"minecraft:raw_copper":42,"minecraft:tuff":57,"farmersdelight:cabbage_seeds":1,"minecraft:spruce_planks":3,"minecraft:diamond_pickaxe":2,"minecraft:andesite":46,"minecraft:bow":1,"minecraft:stone_pickaxe":4,"minecraft:wooden_pickaxe":2,"minecraft:calcite":2}},"DataVersion":3120}