{"stats":{"minecraft:killed":{"vampirism:vampire":3,"minecraft:spider":8,"creeperoverhaul:bamboo_creeper":1,"minecraft:skeleton":16,"vampirism:blinding_bat":1,"alexsmobs:leafcutter_ant":3,"minecraft:chicken":1,"graveyard:reaper":1,"minecraft:skeleton_horse":2,"artifacts:mimic":1,"alexsmobs:seal":1,"minecraft:zombie":16,"minecraft:glow_squid":1,"takesapillage:archer":1,"minecraft:cow":2,"chococraft:chocobo":1,"alexsmobs:gorilla":1,"alexsmobs:bison":2,"goblintraders:goblin_trader":1,"graveyard:ghoul":4,"minecraft:enderman":3},"minecraft:broken":{"minecraft:stone_pickaxe":7,"minecraft:iron_sword":1,"securitycraft:universal_block_reinforcer_lvl1":10,"minecraft:leather_helmet":1,"minecraft:diamond_axe":1,"minecraft:iron_axe":2,"minecraft:leather_boots":1,"minecraft:iron_pickaxe":6,"minecraft:iron_helmet":1,"vanillaplustools:stone_shovel":1},"minecraft:killed_by":{"vampirism:advanced_vampire":2,"graveyard:acolyte":1,"vampirism:vampire":1,"graveyard:ghoul":1,"minecraft:enderman":1,"alexsmobs:bison":1,"minecraft:warden":6},"minecraft:mined":{"minecraft:white_bed":1,"minecraft:jungle_slab":1,"minecraft:sculk_vein":1,"minecraft:jungle_leaves":6,"minecraft:obsidian":2,"minecraft:granite":30,"minecraft:budding_amethyst":6,"minecraft:grass_block":35,"minecraft:jungle_log":447,"botania:light_gray_mushroom":1,"minecraft:iron_ore":65,"minecraft:cobbled_deepslate":15,"minecraft:deepslate_lapis_ore":17,"minecraft:anvil":1,"minecraft:enchanting_table":1,"scalinghealth:deepslate_power_crystal_ore":3,"minecraft:deepslate_redstone_ore":49,"biomesoplenty:glowworm_silk":2,"minecraft:amethyst_cluster":13,"minecraft:torch":22,"minecraft:calcite":2,"minecraft:chest":7,"minecraft:cobblestone":8,"minecraft:wall_torch":23,"botania:black_mystical_flower":1,"minecraft:amethyst_block":12,"minecraft:deepslate_copper_ore":2,"vampirism:castle_block_dark_brick":4,"minecraft:grass":10,"biomesoplenty:clover":1,"minecraft:dirt":164,"minecraft:smooth_basalt":4,"vampirism:castle_block_dark_brick_bloody":2,"minecraft:oak_leaves":16,"minecraft:deepslate":2422,"minecraft:infested_deepslate":1,"biomesoplenty:glowing_moss_block":1,"minecraft:tuff":123,"minecraft:deepslate_diamond_ore":43,"minecraft:candle":1,"botania:red_mushroom":1,"minecraft:glow_lichen":1,"minecraft:jungle_planks":89,"minecraft:moss_block":1,"minecraft:hay_block":1,"minecraft:furnace":5,"minecraft:snow":2,"minecraft:andesite":76,"minecraft:bookshelf":2,"biomesoplenty:mahogany_leaves":4,"vampirism:altar_infusion":2,"minecraft:deepslate_iron_ore":113,"minecraft:vine":29,"minecraft:stone":962,"minecraft:white_wool":20,"scalinghealth:heart_crystal_ore":1,"minecraft:podzol":2,"minecraft:crafting_table":11,"minecraft:emerald_ore":2,"minecraft:sculk_sensor":7,"minecraft:tall_grass":2,"minecraft:copper_ore":13,"minecraft:lapis_ore":14,"biomesoplenty:sprout":3,"minecraft:deepslate_gold_ore":45,"minecraft:sculk":44,"minecraft:diorite":52,"biomesoplenty:mahogany_log":61,"globalxp:xp_block":2,"minecraft:birch_leaves":1,"minecraft:coal_ore":181,"minecraft:gravel":153,"minecraft:chipped_anvil":1,"minecraft:fern":4},"minecraft:used":{"minecraft:beetroot":1,"minecraft:chest":15,"minecraft:stone":22,"minecraft:iron_sword":247,"chococraft:chocobo_drumstick_cooked":1,"securitycraft:keypad_item":4,"minecraft:jungle_planks":3014,"minecraft:carrot":218,"minecraft:tuff":54,"minecraft:snowball":2,"minecraft:jungle_sapling":91,"vanillaplustools:iron_shovel":36,"minecraft:item_frame":3,"minecraft:deepslate_diamond_ore":2,"minecraft:bow":15,"minecraft:hay_block":1,"minecraft:furnace":25,"minecraft:egg":2,"minecraft:diorite":6,"minecraft:leather_leggings":1,"securitycraft:door_indestructible_iron_item":2,"minecraft:stone_pickaxe":919,"minecraft:wooden_pickaxe":29,"minecraft:leather_chestplate":1,"securitycraft:keypad_frame":1,"minecraft:diamond_axe":291,"scalinghealth:cursed_heart":1,"securitycraft:universal_block_remover":20,"minecraft:bread":62,"tombstone:grave_key":1,"minecraft:gravel":5,"graveyard:dark_iron_door":2,"minecraft:jungle_sign":1,"globalxp:xp_block":3,"minecraft:grindstone":2,"minecraft:andesite":7,"minecraft:bone_meal":31,"minecraft:enchanting_table":2,"minecraft:stone_sword":50,"securitycraft:keypad_chest":6,"botania:black_mystical_flower":1,"astikorcarts:animal_cart":1,"minecraft:cooked_chicken":1,"minecraft:torch":401,"minecraft:dirt":142,"scalinghealth:heart_crystal":2,"securitycraft:reinforced_stone":4,"minecraft:granite":17,"minecraft:bookshelf":22,"minecraft:iron_axe":438,"scalinghealth:power_crystal":1,"minecraft:golden_carrot":2,"minecraft:beef":7,"alexsmobs:banana":5,"tombstone:gift":6,"comforts:sleeping_bag_white":1,"minecraft:cobbled_deepslate":760,"minecraft:wheat_seeds":43,"minecraft:water_bucket":37,"biomesoplenty:mahogany_log":11,"securitycraft:keypad":1,"minecraft:crafting_table":20,"securitycraft:reinforced_jungle_planks":4,"minecraft:white_bed":5,"vanillaplustools:stone_shovel":24,"tombstone:bag_of_seeds":1,"minecraft:wooden_hoe":40,"minecraft:diamond_pickaxe":1915,"minecraft:iron_pickaxe":1501,"minecraft:leather_helmet":1,"minecraft:stone_axe":106,"minecraft:cobblestone":311,"minecraft:white_banner":1,"minecraft:bucket":38,"alexsmobs:animal_dictionary":1},"minecraft:dropped":{"minecraft:iron_sword":1,"minecraft:candle":1,"minecraft:soul_sand":1,"minecraft:cooked_beef":4,"minecraft:emerald_ore":1,"minecraft:diamond":10,"minecraft:jungle_planks":64,"botania:red_mushroom":1,"alexsmobs:bison_fur":1,"minecraft:dirt":17,"minecraft:stone_button":2,"botania:light_gray_mushroom":1,"minecraft:jungle_sapling":7,"minecraft:bone_meal":39,"minecraft:iron_pickaxe":7,"minecraft:white_wool":4,"vampirism:altar_infusion":2,"minecraft:gravel":66,"minecraft:stone_axe":3,"minecraft:cobbled_deepslate":1715,"vampirism:vampire_orchid":1,"minecraft:wheat":16,"minecraft:obsidian":2,"tombstone:gift":1,"minecraft:rotten_flesh":1,"biomesoplenty:glowing_moss_block":1,"minecraft:carrot":7,"minecraft:leather_chestplate":1,"minecraft:gunpowder":4,"artifacts:helium_flamingo":2,"minecraft:beetroot_seeds":4,"minecraft:jungle_log":263,"minecraft:leather_leggings":1,"minecraft:arrow":7,"minecraft:water_bucket":2,"minecraft:iron_ingot":104,"minecraft:bread":23,"minecraft:wheat_seeds":819,"minecraft:iron_helmet":1,"minecraft:cobblestone":82,"minecraft:book":1,"minecraft:granite":3,"vanillaplustools:iron_shovel":1,"minecraft:coal":97,"scalinghealth:power_crystal":1,"minecraft:diorite":64,"minecraft:torch":1,"minecraft:wither_rose":3,"vampirism:ring":2,"minecraft:iron_shovel":1,"minecraft:string":1,"minecraft:smooth_basalt":4,"securitycraft:reinforced_stone":2,"minecraft:stone_sword":3,"minecraft:raw_copper":42,"minecraft:tuff":57,"farmersdelight:cabbage_seeds":1,"minecraft:iron_boots":1,"securitycraft:universal_block_remover":1,"minecraft:spruce_planks":3,"minecraft:iron_chestplate":1,"minecraft:diamond_pickaxe":4,"minecraft:andesite":46,"minecraft:oak_sapling":2,"minecraft:spider_eye":1,"minecraft:bow":1,"minecraft:stone_pickaxe":4,"minecraft:wooden_pickaxe":2,"securitycraft:universal_block_reinforcer_lvl1":2,"minecraft:calcite":2},"minecraft:picked_up":{"minecraft:wheat":468,"securitycraft:keypad_item":10,"minecraft:redstone_block":1,"minecraft:anvil":2,"minecraft:enchanted_book":7,"minecraft:wither_rose":3,"minecraft:amethyst_block":36,"minecraft:lapis_block":36,"minecraft:string":5,"minecraft:raw_copper":42,"minecraft:beetroot":1,"vampirism:cursed_spruce_planks":2,"vanillaplustools:stone_shovel":1,"alexsmobs:banana":18,"minecraft:cobbled_deepslate":3201,"comforts:sleeping_bag_white":1,"minecraft:spruce_planks":5,"minecraft:calcite":2,"minecraft:iron_pickaxe":7,"minecraft:coal_block":6,"minecraft:furnace":5,"minecraft:stick":313,"vanillaplustools:iron_shovel":1,"minecraft:torch":79,"astikorcarts:animal_cart":1,"vampirism:vampire_fang":1,"tombstone:grave_dust":13,"minecraft:diorite":73,"minecraft:stone_sword":2,"minecraft:rotten_flesh":17,"biomesoplenty:mahogany_sapling":1,"chococraft:chocobo_drumstick_cooked":1,"artifacts:panic_necklace":1,"minecraft:obsidian":4,"minecraft:iron_bars":16,"minecraft:snowball":2,"minecraft:cobblestone":1187,"minecraft:enchanting_table":1,"minecraft:feather":1,"minecraft:cooked_beef":4,"minecraft:andesite":53,"minecraft:water_bucket":2,"minecraft:jungle_log":1828,"alexsmobs:bison_fur":1,"minecraft:flint":21,"minecraft:tuff":126,"graveyard:dark_iron_door":2,"minecraft:lapis_lazuli":255,"minecraft:dirt":671,"minecraft:glass":20,"minecraft:bone":29,"minecraft:chipped_anvil":2,"minecraft:bow":2,"minecraft:wheat_seeds":1105,"minecraft:raw_gold":45,"undergarden:gloomgourd_seeds":1,"minecraft:moss_block":2,"vampirism:ring":2,"minecraft:jungle_planks":171,"securitycraft:reinforced_stone":8,"minecraft:grass_block":1,"minecraft:jungle_slab":1,"alexsmobs:animal_dictionary":1,"securitycraft:universal_block_remover":1,"blue_skies:pine_fruit_seeds":3,"minecraft:deepslate":4,"minecraft:diamond":64,"minecraft:granite":25,"minecraft:emerald":1,"scalinghealth:cursed_heart":1,"minecraft:bread":12,"alexsmobs:maggot":2,"minecraft:oak_sapling":18,"minecraft:diamond_pickaxe":4,"minecraft:crafting_table":11,"minecraft:wooden_pickaxe":1,"securitycraft:reinforced_jungle_planks":4,"minecraft:item_frame":3,"artifacts:fire_gauntlet":1,"graveyard:corruption":2,"minecraft:candle":1,"minecraft:deepslate_diamond_ore":4,"minecraft:beef":7,"minecraft:jungle_sapling":95,"minecraft:chest":6,"globalxp:xp_block":2,"minecraft:egg":2,"minecraft:raw_iron":208,"minecraft:stone":14,"farmersdelight:tomato_seeds":2,"minecraft:stone_button":1,"minecraft:carrot":303,"minecraft:redstone":245,"minecraft:jungle_sign":2,"minecraft:arrow":33,"minecraft:beetroot_seeds":4,"minecraft:hay_block":1,"minecraft:gold_ingot":45,"scalinghealth:power_crystal":1,"minecraft:white_wool":45,"minecraft:emerald_ore":2,"vampirism:vampire_blood_bottle":1,"minecraft:golden_carrot":6,"minecraft:glow_ink_sac":9,"botania:light_gray_mushroom":1,"scalinghealth:bandages":1,"securitycraft:keypad_chest":6,"minecraft:gunpowder":6,"botania:red_mushroom":3,"scalinghealth:heart_crystal":2,"mca:book_romance":2,"minecraft:wooden_hoe":1,"minecraft:white_banner":1,"tombstone:gift":3,"botania:black_mystical_flower":1,"minecraft:apple":3,"minecraft:iron_ingot":44,"minecraft:stone_pickaxe":4,"minecraft:cooked_chicken":1,"scalinghealth:power_crystal_shard":9,"tombstone:bag_of_seeds":1,"minecraft:soul_sand":1,"minecraft:iron_sword":1,"minecraft:book":6,"blue_skies:winter_leaf_seeds":2,"scalinghealth:heart_crystal_shard":13,"minecraft:smooth_basalt":4,"minecraft:gravel":135,"minecraft:amethyst_shard":52,"minecraft:white_bed":1,"vampirism:altar_infusion":2,"biomesoplenty:glowing_moss_block":1,"minecraft:spider_eye":1,"artifacts:helium_flamingo":3,"biomesoplenty:mahogany_log":48,"vampirism:castle_block_dark_brick":6,"minecraft:stone_axe":2,"securitycraft:keypad":1,"tombstone:magic_scroll":2,"securitycraft:door_indestructible_iron_item":1,"minecraft:coal":378,"minecraft:ender_pearl":1},"minecraft:crafted":{"minecraft:grindstone":2,"globalxp:xp_block":1,"minecraft:stone":249,"securitycraft:keypad_item":10,"minecraft:bookshelf":22,"minecraft:heavy_weighted_pressure_plate":10,"minecraft:iron_bars":16,"securitycraft:laser_block":12,"minecraft:glass":99,"astikorcarts:animal_cart":1,"minecraft:bow":1,"minecraft:iron_boots":2,"tombstone:grave_key":1,"minecraft:chest":15,"minecraft:iron_door":3,"astikorcarts:wheel":2,"scalinghealth:power_crystal":1,"minecraft:item_frame":1,"minecraft:diamond_axe":2,"minecraft:crafting_table":10,"minecraft:wooden_pickaxe":1,"minecraft:iron_helmet":2,"minecraft:iron_chestplate":1,"minecraft:wooden_hoe":1,"minecraft:charcoal":188,"minecraft:diamond_pickaxe":3,"minecraft:stone_slab":6,"minecraft:stick":200,"minecraft:iron_ingot":242,"minecraft:iron_pickaxe":4,"minecraft:stone_sword":1,"minecraft:gold_ingot":45,"securitycraft:limited_use_keycard":1,"minecraft:shears":1,"securitycraft:universal_block_reinforcer_lvl1":12,"minecraft:jungle_sign":3,"minecraft:redstone":9,"biomesoplenty:mahogany_planks":64,"comforts:sleeping_bag_white":1,"vanillaplustools:iron_shovel":2,"minecraft:furnace":20,"minecraft:stone_button":91,"minecraft:bone_meal":45,"securitycraft:keypad_frame":1,"minecraft:glass_pane":16,"minecraft:iron_axe":2,"securitycraft:universal_block_remover":1,"minecraft:stone_pickaxe":7,"minecraft:redstone_block":10,"minecraft:coal_block":4,"minecraft:enchanting_table":1,"minecraft:iron_sword":1,"minecraft:bucket":2,"minecraft:stone_axe":2,"minecraft:bread":98,"minecraft:air":0,"minecraft:jungle_planks":2542,"securitycraft:door_indestructible_iron_item":1,"minecraft:iron_shovel":18,"minecraft:iron_leggings":1,"minecraft:white_bed":4,"minecraft:torch":460,"minecraft:lapis_lazuli":36,"minecraft:lapis_block":22},"minecraft:custom":{"minecraft:animals_bred":5,"minecraft:interact_with_crafting_table":164,"minecraft:open_barrel":20,"minecraft:leave_game":13,"minecraft:time_since_death":113400,"minecraft:sprint_one_cm":1199463,"minecraft:drop":260,"minecraft:talked_to_villager":1,"minecraft:play_time":717743,"minecraft:deaths":18,"minecraft:jump":11011,"minecraft:walk_on_water_one_cm":54616,"minecraft:enchant_item":3,"minecraft:interact_with_furnace":197,"minecraft:interact_with_cartography_table":1,"minecraft:sleep_in_bed":14,"minecraft:waystone_activated":2,"minecraft:damage_dealt":28280,"minecraft:crouch_one_cm":264838,"tombstone:undead_killed":38,"minecraft:interact_with_smoker":2,"minecraft:mob_kills":85,"minecraft:interact_with_anvil":1,"minecraft:damage_dealt_resisted":775,"minecraft:climb_one_cm":27775,"minecraft:walk_one_cm":1860820,"minecraft:sneak_time":78300,"minecraft:walk_under_water_one_cm":25128,"minecraft:total_world_time":717743,"tombstone:raider_killed":1,"minecraft:interact_with_grindstone":4,"minecraft:time_since_rest":3581,"minecraft:damage_taken":213922,"minecraft:trigger_trapped_chest":1,"minecraft:swim_one_cm":154508,"minecraft:fly_one_cm":1698948,"minecraft:open_chest":386,"minecraft:fall_one_cm":302182}},"DataVersion":3120}