{"stats":{"minecraft:dropped":{"minecraft:iron_ingot":1,"minecraft:soul_sand":1,"minecraft:wheat_seeds":105,"minecraft:cobblestone":14,"minecraft:granite":1,"minecraft:coal":85,"alexsmobs:bison_fur":1,"minecraft:dirt":16,"minecraft:diorite":14,"minecraft:torch":1,"botania:light_gray_mushroom":1,"minecraft:wither_rose":3,"minecraft:iron_pickaxe":3,"vampirism:altar_infusion":2,"minecraft:gravel":31,"minecraft:stone_axe":3,"minecraft:stone_sword":3,"minecraft:cobbled_deepslate":37,"minecraft:raw_copper":36,"minecraft:tuff":5,"minecraft:wheat":4,"vampirism:vampire_orchid":1,"farmersdelight:cabbage_seeds":1,"minecraft:rotten_flesh":1,"minecraft:carrot":6,"minecraft:beetroot_seeds":4,"minecraft:andesite":20,"minecraft:jungle_log":1,"minecraft:arrow":2,"minecraft:wooden_pickaxe":2,"minecraft:stone_pickaxe":4},"minecraft:picked_up":{"minecraft:crafting_table":6,"minecraft:wheat":67,"minecraft:wooden_pickaxe":1,"minecraft:wither_rose":3,"minecraft:enchanted_book":1,"minecraft:string":3,"minecraft:raw_copper":36,"minecraft:beetroot":1,"vanillaplustools:stone_shovel":1,"minecraft:cobbled_deepslate":404,"comforts:sleeping_bag_white":1,"minecraft:beef":7,"minecraft:iron_pickaxe":3,"minecraft:egg":1,"minecraft:stick":169,"minecraft:raw_iron":81,"minecraft:stone":2,"minecraft:torch":13,"astikorcarts:animal_cart":1,"tombstone:grave_dust":2,"minecraft:diorite":20,"minecraft:carrot":87,"minecraft:rotten_flesh":4,"minecraft:stone_sword":2,"minecraft:arrow":10,"minecraft:beetroot_seeds":4,"minecraft:hay_block":1,"minecraft:snowball":2,"minecraft:white_wool":19,"minecraft:cobblestone":522,"minecraft:golden_carrot":6,"minecraft:andesite":27,"minecraft:jungle_log":73,"botania:light_gray_mushroom":1,"alexsmobs:bison_fur":1,"minecraft:flint":4,"minecraft:tuff":5,"scalinghealth:bandages":1,"minecraft:gunpowder":2,"minecraft:lapis_lazuli":14,"minecraft:dirt":106,"tombstone:gift":1,"botania:black_mystical_flower":1,"minecraft:bone":5,"minecraft:wheat_seeds":159,"minecraft:raw_gold":4,"minecraft:stone_pickaxe":4,"minecraft:iron_ingot":2,"minecraft:soul_sand":1,"minecraft:gravel":59,"vampirism:altar_infusion":2,"minecraft:grass_block":1,"minecraft:jungle_slab":1,"minecraft:diamond":6,"minecraft:stone_axe":2,"minecraft:granite":18,"minecraft:emerald":1,"minecraft:coal":194,"minecraft:ender_pearl":1},"minecraft:broken":{"minecraft:leather_helmet":1,"minecraft:stone_pickaxe":7,"minecraft:iron_pickaxe":1},"minecraft:killed_by":{"graveyard:ghoul":1,"minecraft:enderman":1,"alexsmobs:bison":1},"minecraft:crafted":{"globalxp:xp_block":1,"comforts:sleeping_bag_white":1,"minecraft:furnace":9,"minecraft:stone_button":8,"minecraft:stone":8,"securitycraft:keypad_item":1,"minecraft:heavy_weighted_pressure_plate":1,"minecraft:iron_bars":16,"astikorcarts:animal_cart":1,"minecraft:bow":1,"tombstone:grave_key":1,"minecraft:stone_pickaxe":7,"minecraft:chest":2,"astikorcarts:wheel":2,"minecraft:crafting_table":4,"minecraft:wooden_pickaxe":1,"minecraft:iron_sword":1,"minecraft:bucket":1,"minecraft:stone_axe":2,"minecraft:air":0,"minecraft:bread":2,"minecraft:jungle_planks":134,"minecraft:diamond_pickaxe":2,"minecraft:stick":104,"minecraft:iron_ingot":81,"minecraft:iron_pickaxe":3,"minecraft:stone_sword":1,"minecraft:gold_ingot":4,"minecraft:white_bed":1,"minecraft:torch":96,"minecraft:jungle_sign":3},"minecraft:mined":{"minecraft:tuff":5,"minecraft:deepslate_diamond_ore":6,"minecraft:jungle_slab":1,"minecraft:granite":17,"minecraft:grass_block":22,"minecraft:jungle_log":73,"minecraft:hay_block":1,"botania:light_gray_mushroom":1,"minecraft:iron_ore":33,"minecraft:snow":2,"minecraft:andesite":27,"minecraft:deepslate_lapis_ore":3,"vampirism:altar_infusion":2,"minecraft:deepslate_iron_ore":16,"minecraft:vine":2,"minecraft:stone":429,"minecraft:white_wool":20,"minecraft:deepslate_redstone_ore":5,"minecraft:crafting_table":6,"minecraft:torch":1,"minecraft:tall_grass":2,"minecraft:copper_ore":8,"minecraft:cobblestone":2,"minecraft:deepslate_gold_ore":4,"minecraft:diorite":19,"botania:black_mystical_flower":1,"minecraft:wall_torch":7,"minecraft:birch_leaves":1,"minecraft:grass":7,"biomesoplenty:clover":1,"minecraft:coal_ore":149,"minecraft:gravel":34,"minecraft:dirt":62,"minecraft:deepslate":443},"minecraft:used":{"minecraft:beetroot":1,"minecraft:stone_sword":50,"minecraft:chest":2,"minecraft:iron_sword":79,"botania:black_mystical_flower":1,"astikorcarts:animal_cart":1,"minecraft:torch":104,"minecraft:dirt":89,"securitycraft:keypad_item":1,"minecraft:jungle_planks":29,"minecraft:carrot":82,"minecraft:granite":17,"minecraft:snowball":2,"minecraft:golden_carrot":1,"minecraft:bow":2,"minecraft:beef":7,"minecraft:hay_block":1,"minecraft:furnace":9,"tombstone:gift":4,"minecraft:egg":1,"comforts:sleeping_bag_white":1,"minecraft:cobbled_deepslate":47,"minecraft:water_bucket":5,"minecraft:diorite":6,"minecraft:leather_leggings":1,"minecraft:stone_pickaxe":919,"minecraft:wooden_pickaxe":29,"minecraft:leather_chestplate":1,"minecraft:crafting_table":10,"vanillaplustools:stone_shovel":15,"minecraft:white_bed":1,"minecraft:bread":9,"minecraft:iron_pickaxe":248,"minecraft:leather_helmet":1,"tombstone:grave_key":1,"minecraft:stone_axe":106,"minecraft:jungle_sign":1,"minecraft:cobblestone":117,"minecraft:andesite":7,"minecraft:bucket":6,"alexsmobs:animal_dictionary":1},"minecraft:killed":{"vampirism:vampire":2,"minecraft:spider":4,"minecraft:skeleton":3,"graveyard:reaper":1,"alexsmobs:bison":2,"graveyard:ghoul":1,"alexsmobs:seal":1,"minecraft:zombie":2,"takesapillage:archer":1,"minecraft:enderman":1},"minecraft:custom":{"minecraft:mob_kills":21,"minecraft:interact_with_crafting_table":49,"minecraft:open_barrel":9,"minecraft:damage_dealt_resisted":461,"minecraft:leave_game":3,"minecraft:time_since_death":15512,"minecraft:climb_one_cm":4456,"minecraft:sprint_one_cm":423499,"minecraft:walk_one_cm":466169,"minecraft:drop":112,"minecraft:talked_to_villager":1,"minecraft:play_time":206850,"minecraft:deaths":6,"minecraft:sneak_time":5383,"minecraft:walk_under_water_one_cm":3145,"minecraft:jump":3820,"minecraft:walk_on_water_one_cm":13290,"minecraft:total_world_time":206850,"minecraft:interact_with_furnace":38,"tombstone:raider_killed":1,"minecraft:sleep_in_bed":8,"minecraft:time_since_rest":8553,"minecraft:waystone_activated":2,"minecraft:damage_taken":4459,"minecraft:damage_dealt":7420,"minecraft:swim_one_cm":15200,"minecraft:fly_one_cm":630413,"minecraft:open_chest":36,"minecraft:crouch_one_cm":11378,"tombstone:undead_killed":6,"minecraft:interact_with_smoker":1,"minecraft:fall_one_cm":113224}},"DataVersion":3120}