{"stats":{"minecraft:used":{"minecraft:wheat_seeds":1,"minecraft:dirt":49,"minecraft:carrot":6},"minecraft:killed":{"alexsmobs:raccoon":1},"minecraft:picked_up":{"minecraft:wheat":1,"minecraft:bone":1,"minecraft:arrow":1,"chococraft:gysahl_green":3,"minecraft:wheat_seeds":5,"chococraft:gysahl_green_seeds":1,"alexsmobs:raccoon_tail":1,"minecraft:carrot":4,"minecraft:dirt":49},"minecraft:mined":{"minecraft:grass":24,"minecraft:grass_block":17,"biomesoplenty:clover":9,"chococraft:gysahl_green":1,"minecraft:dirt":32},"minecraft:custom":{"minecraft:crouch_one_cm":781,"minecraft:play_time":20442,"minecraft:time_since_rest":20442,"minecraft:waystone_activated":1,"minecraft:sprint_one_cm":8172,"minecraft:damage_taken":257,"minecraft:walk_one_cm":63458,"minecraft:sneak_time":128,"minecraft:walk_under_water_one_cm":241,"minecraft:mob_kills":1,"minecraft:jump":224,"minecraft:damage_dealt":128,"minecraft:leave_game":1,"minecraft:walk_on_water_one_cm":2731,"minecraft:time_since_death":20442,"minecraft:total_world_time":20442,"minecraft:fall_one_cm":3327,"minecraft:fly_one_cm":4310}},"DataVersion":3120}