{"stats":{"minecraft:mined":{"minecraft:jungle_leaves":1,"minecraft:crafting_table":1,"minecraft:glow_lichen":1,"minecraft:granite":21,"minecraft:grass_block":32,"biomesoplenty:mahogany_planks":1,"minecraft:cobblestone":5,"biomesoplenty:sprout":6,"minecraft:oak_planks":13,"minecraft:wall_torch":7,"minecraft:carrots":5,"biomesoplenty:mahogany_log":7,"minecraft:iron_ore":17,"minecraft:wheat":10,"minecraft:andesite":15,"minecraft:grass":39,"biomesoplenty:clover":9,"chococraft:gysahl_green":1,"minecraft:oak_log":59,"minecraft:potatoes":1,"minecraft:coal_ore":51,"minecraft:gravel":2,"minecraft:dirt":33,"minecraft:stone":400,"minecraft:oak_leaves":15,"scalinghealth:heart_crystal_ore":1,"minecraft:fern":27},"minecraft:custom":{"minecraft:interact_with_furnace":17,"minecraft:mob_kills":6,"minecraft:interact_with_crafting_table":40,"minecraft:damage_dealt_resisted":22,"minecraft:leave_game":4,"minecraft:time_since_death":51451,"minecraft:sleep_in_bed":3,"minecraft:climb_one_cm":509,"minecraft:time_since_rest":7666,"minecraft:waystone_activated":1,"minecraft:sprint_one_cm":164373,"minecraft:damage_taken":1092,"minecraft:walk_one_cm":357477,"minecraft:drop":13,"minecraft:damage_dealt":730,"minecraft:fly_one_cm":76676,"minecraft:play_time":105449,"minecraft:open_chest":22,"minecraft:crouch_one_cm":781,"minecraft:deaths":2,"minecraft:sneak_time":128,"minecraft:walk_under_water_one_cm":1708,"minecraft:jump":1654,"minecraft:walk_on_water_one_cm":4161,"minecraft:total_world_time":105449,"minecraft:fall_one_cm":25686},"minecraft:picked_up":{"minecraft:crafting_table":1,"minecraft:wheat":11,"minecraft:andesite":15,"minecraft:leather":3,"minecraft:potato":3,"minecraft:oak_log":76,"scalinghealth:bandages":1,"minecraft:dirt":63,"chococraft:chocobo_feather":1,"minecraft:bone":4,"chococraft:gysahl_green":9,"minecraft:wheat_seeds":67,"minecraft:beef":4,"minecraft:stone_pickaxe":1,"alexsmobs:raccoon_tail":1,"minecraft:oak_planks":13,"biomesoplenty:mahogany_planks":1,"minecraft:stick":4,"minecraft:raw_iron":17,"scalinghealth:heart_crystal_shard":1,"minecraft:torch":7,"minecraft:gravel":2,"chococraft:gysahl_green_seeds":2,"minecraft:carrot":19,"biomesoplenty:mahogany_log":6,"minecraft:arrow":3,"minecraft:granite":21,"scalinghealth:cursed_heart":1,"minecraft:oak_sapling":2,"minecraft:mutton":2,"minecraft:coal":51,"minecraft:white_wool":3,"minecraft:cobblestone":404},"minecraft:broken":{"minecraft:stone_pickaxe":2,"minecraft:iron_pickaxe":1},"minecraft:killed":{"alexsmobs:raccoon":1,"minecraft:sheep":3,"minecraft:cow":2},"minecraft:killed_by":{"vampirism:advanced_vampire":1,"minecraft:skeleton":1},"minecraft:used":{"minecraft:wheat_seeds":1,"biomesoplenty:mahogany_planks":25,"minecraft:stone_pickaxe":262,"minecraft:oak_planks":152,"minecraft:chest":1,"minecraft:wooden_pickaxe":11,"minecraft:oak_door":1,"minecraft:torch":18,"minecraft:dirt":58,"minecraft:crafting_table":2,"minecraft:carrot":36,"minecraft:white_bed":1,"minecraft:oak_log":1,"minecraft:iron_axe":23,"minecraft:iron_pickaxe":255,"minecraft:stone_axe":78,"minecraft:cobblestone":87,"minecraft:furnace":1},"minecraft:dropped":{"minecraft:wheat_seeds":62,"chococraft:gysahl_green_seeds":2,"minecraft:carrot":1,"minecraft:dirt":1,"minecraft:oak_sapling":1,"minecraft:arrow":1,"minecraft:stone_pickaxe":1,"chococraft:gysahl_green":9,"minecraft:bone":1},"minecraft:crafted":{"minecraft:cooked_beef":4,"minecraft:oak_door":2,"minecraft:oak_planks":186,"minecraft:crafting_table":1,"biomesoplenty:mahogany_planks":24,"minecraft:wooden_pickaxe":1,"minecraft:furnace":1,"minecraft:stone_axe":1,"minecraft:cooked_mutton":2,"minecraft:iron_axe":1,"minecraft:stick":20,"minecraft:iron_ingot":17,"minecraft:iron_pickaxe":2,"minecraft:stone_pickaxe":2,"minecraft:chest":1,"minecraft:white_bed":1,"minecraft:torch":24}},"DataVersion":3120}