{"stats":{"minecraft:killed_by":{"minecraft:wither_skeleton":1,"graveyard:skeleton_creeper":1,"vampirism:vampire":1,"minecraft:warden":4},"minecraft:mined":{"minecraft:spruce_planks":630,"minecraft:white_bed":2,"farmersdelight:rich_soil":1,"minecraft:cobblestone_stairs":2,"minecraft:sculk_vein":7,"minecraft:obsidian":1,"minecraft:spruce_trapdoor":1,"minecraft:grass_block":438,"vampirism:dark_spruce_log":20,"minecraft:coal_block":8,"vampirism:hunter_table":4,"minecraft:gilded_blackstone":60,"minecraft:spawner":6,"minecraft:sculk_catalyst":2,"minecraft:iron_ore":118,"minecraft:barrel":1,"minecraft:cobbled_deepslate":1,"minecraft:sticky_piston":1,"minecraft:fire":8,"minecraft:anvil":2,"minecraft:fletching_table":2,"vampirism:tent":1,"minecraft:sculk_shrieker":11,"chococraft:gysahl_green":1,"minecraft:oak_stairs":2,"minecraft:spruce_wood":3,"minecraft:end_stone_bricks":3,"minecraft:spruce_slab":7,"blue_skies:turquoise_stonebrick":28,"minecraft:soul_fire":6,"minecraft:powder_snow":1,"minecraft:calcite":6,"minecraft:chest":21,"minecraft:glass":48,"minecraft:cobblestone":8,"blue_skies:maple_crafting_table":3,"minecraft:oak_planks":15,"botania:black_mystical_flower":4,"vampirism:dark_spruce_planks":20,"minecraft:repeater":1,"vampirism:dark_spruce_leaves":14,"vampirism:med_chair":2,"minecraft:light_gray_wool":1,"minecraft:black_bed":1,"graveyard:skull_pile":1,"minecraft:grass":49,"minecraft:oak_log":10,"minecraft:dirt":723,"minecraft:stripped_birch_wood":3,"minecraft:oak_leaves":2,"minecraft:deepslate":146,"minecraft:crying_obsidian":2,"scalinghealth:power_crystal_ore":1,"minecraft:deepslate_diamond_ore":2,"botania:red_mushroom":1,"biomesoplenty:desert_grass":9,"minecraft:dark_oak_log":2,"minecraft:spruce_fence":17,"vampirism:vampire_orchid":1,"minecraft:spruce_leaves":201,"minecraft:large_fern":3,"minecraft:hay_block":93,"minecraft:furnace":5,"minecraft:bookshelf":76,"minecraft:shroomlight":1,"minecraft:rail":1,"minecraft:lantern":2,"minecraft:packed_ice":5,"chococraft:straw":5,"minecraft:stone":314,"minecraft:bone_block":2,"vampirism:cursed_earth":195,"farmersdelight:cooking_pot":1,"minecraft:smithing_table":2,"botania:lime_mystical_flower":6,"minecraft:redstone_block":1,"minecraft:snow_block":12,"minecraft:basalt":5,"vampirism:cursed_spruce_log":24,"vampirism:tent_main":4,"vampirism:cursed_grass":110,"minecraft:crafting_table":8,"minecraft:cornflower":1,"minecraft:emerald_ore":2,"minecraft:rose_bush":7,"minecraft:sculk_sensor":62,"minecraft:campfire":2,"minecraft:copper_ore":2,"minecraft:tall_grass":2,"minecraft:lapis_ore":2,"minecraft:sculk":28,"graveyard:dark_iron_block":16,"minecraft:gray_wool":300,"minecraft:stripped_spruce_wood":3,"minecraft:ice":2,"minecraft:spruce_log":90,"minecraft:gray_bed":2,"minecraft:birch_leaves":2,"vampirism:cursed_roots":1,"minecraft:yellow_bed":8,"securitycraft:dirt_mine":2,"minecraft:coal_ore":62,"vampirism:fire_place":3,"minecraft:gray_carpet":8,"minecraft:cobweb":6,"minecraft:fern":12},"minecraft:picked_up":{"minecraft:wooden_axe":1,"minecraft:wheat":23,"minecraft:redstone_block":1,"minecraft:anvil":2,"minecraft:smithing_table":2,"minecraft:diamond_sword":1,"minecraft:oak_stairs":2,"minecraft:gilded_blackstone":54,"alexsmobs:gazelle_horn":1,"minecraft:string":15,"minecraft:raw_copper":10,"minecraft:iron_leggings":1,"minecraft:sticky_piston":2,"vampirism:dark_spruce_planks":21,"minecraft:beetroot":1,"alexsmobs:emu_feather":1,"minecraft:diamond_leggings":1,"minecraft:gold_nugget":15,"minecraft:cobbled_deepslate":210,"minecraft:spruce_planks":1117,"minecraft:rose_bush":10,"minecraft:calcite":6,"minecraft:iron_pickaxe":4,"minecraft:coal_block":8,"minecraft:furnace":6,"minecraft:stick":31,"minecraft:torch":1,"minecraft:porkchop":25,"tombstone:grave_dust":16,"vampirism:vampire_fang":4,"vampirism:hunter_table":4,"vampirism:blood_bottle":1,"minecraft:rotten_flesh":44,"blue_skies:maple_crafting_table":3,"alexsmobs:emu_egg":2,"minecraft:stripped_birch_wood":8,"minecraft:obsidian":1,"minecraft:snowball":62,"minecraft:cobblestone":322,"vampirism:vampire_book":1,"minecraft:feather":1,"vampirism:med_chair":3,"minecraft:repeater":2,"minecraft:black_bed":1,"minecraft:potato":12,"minecraft:stripped_spruce_wood":3,"minecraft:wither_skeleton_skull":1,"minecraft:lapis_lazuli":12,"minecraft:dirt":1222,"minecraft:lantern":19,"minecraft:bone":81,"minecraft:wheat_seeds":77,"vampirism:item_garlic":4,"minecraft:fletching_table":2,"minecraft:oak_planks":17,"vampirism:cursed_spruce_log":24,"vampirism:dark_spruce_sapling":2,"securitycraft:dirt_mine":2,"vampirism:ring":1,"minecraft:dark_oak_log":2,"minecraft:barrel":2,"vampirism:pure_blood_0":2,"minecraft:bundle":3,"minecraft:diamond":5,"waystones:waystone":2,"botania:orange_mushroom":1,"blue_skies:turquoise_stonebrick":28,"minecraft:emerald":2,"scalinghealth:cursed_heart":1,"minecraft:bread":21,"minecraft:oak_sapling":1,"minecraft:oak_leaves":3,"minecraft:end_stone_bricks":4,"minecraft:charcoal":4,"minecraft:crafting_table":11,"minecraft:ladder":6,"minecraft:clay_ball":200,"minecraft:chicken":1,"minecraft:nether_wart":34,"vampirism:dark_spruce_log":20,"minecraft:wooden_pickaxe":1,"vampirism:heart_striker_enhanced":1,"minecraft:diamond_horse_armor":3,"minecraft:shield":3,"minecraft:cornflower":1,"minecraft:iron_axe":1,"minecraft:flint_and_steel":1,"minecraft:blackstone":1,"graveyard:corruption":11,"vampirism:cursed_earth":293,"minecraft:beef":1,"chococraft:straw":5,"minecraft:light_gray_wool":1,"minecraft:spruce_slab":6,"minecraft:chest":21,"minecraft:spruce_trapdoor":1,"minecraft:egg":6,"minecraft:raw_iron":114,"minecraft:spruce_fence":16,"minecraft:carrot":33,"minecraft:iron_horse_armor":1,"minecraft:arrow":7,"botania:lime_mystical_flower":6,"minecraft:beetroot_seeds":3,"minecraft:hay_block":93,"minecraft:saddle":5,"blue_skies:moonstone_shard":2,"minecraft:mutton":10,"minecraft:bone_block":7,"minecraft:rail":1,"minecraft:white_wool":2,"farmersdelight:rich_soil":1,"vampirism:vampire_blood_bottle":3,"minecraft:basalt":5,"vampirism:item_tent":5,"minecraft:leather":8,"minecraft:oak_log":41,"scalinghealth:bandages":6,"minecraft:yellow_bed":8,"minecraft:gunpowder":6,"minecraft:cobblestone_stairs":2,"botania:red_mushroom":1,"scalinghealth:heart_crystal":14,"botania:black_mystical_flower":4,"chococraft:chocobo_feather":1,"chococraft:gysahl_green":3,"minecraft:apple":1,"minecraft:gray_carpet":10,"farmersdelight:cooking_pot":1,"minecraft:spruce_wood":3,"minecraft:iron_ingot":15,"scalinghealth:power_crystal_shard":5,"tombstone:bag_of_seeds":1,"minecraft:glass_bottle":4,"vampirism:altar_cleansing":1,"minecraft:gray_bed":2,"minecraft:iron_sword":3,"minecraft:soul_sand":1,"minecraft:book":228,"scalinghealth:heart_crystal_shard":17,"vampirism:fire_place":3,"graveyard:dark_iron_block":16,"chococraft:gysahl_green_seeds":1,"minecraft:spruce_sapling":35,"minecraft:spruce_log":174,"minecraft:white_bed":2,"minecraft:crying_obsidian":2,"vampirism:hunter_axe_ultimate":1,"minecraft:spruce_door":1,"minecraft:spider_eye":6,"minecraft:iron_helmet":2,"minecraft:gray_wool":291,"minecraft:terracotta":158,"vampirism:vampire_orchid":1,"tombstone:magic_scroll":4,"minecraft:acacia_slab":2,"minecraft:coal":231},"minecraft:custom":{"minecraft:interact_with_crafting_table":94,"minecraft:open_barrel":43,"minecraft:leave_game":12,"minecraft:time_since_death":5736,"minecraft:damage_resisted":372,"minecraft:sprint_one_cm":1456886,"minecraft:damage_blocked_by_shield":1126,"minecraft:drop":180,"minecraft:talked_to_villager":2,"minecraft:play_time":695419,"minecraft:deaths":8,"minecraft:jump":10461,"minecraft:walk_on_water_one_cm":38531,"minecraft:interact_with_furnace":77,"minecraft:sleep_in_bed":29,"minecraft:waystone_activated":5,"minecraft:damage_dealt":69532,"minecraft:crouch_one_cm":479091,"tombstone:undead_killed":141,"minecraft:interact_with_smoker":6,"minecraft:horse_one_cm":2359882,"minecraft:interact_with_smithing_table":3,"minecraft:interact_with_anvil":5,"minecraft:mob_kills":238,"minecraft:damage_dealt_resisted":1087,"minecraft:climb_one_cm":16227,"minecraft:walk_one_cm":1453642,"minecraft:sneak_time":99082,"minecraft:walk_under_water_one_cm":78230,"minecraft:interact_with_lectern":1,"minecraft:interact_with_blast_furnace":11,"minecraft:total_world_time":695419,"tombstone:raider_killed":2,"minecraft:interact_with_stonecutter":4,"minecraft:time_since_rest":5299,"minecraft:damage_taken":485005,"minecraft:damage_absorbed":588,"minecraft:trigger_trapped_chest":1,"minecraft:swim_one_cm":175757,"minecraft:fly_one_cm":1975325,"minecraft:open_chest":504,"minecraft:fall_one_cm":405139},"minecraft:crafted":{"securitycraft:mine":12,"minecraft:smooth_stone":4,"minecraft:oak_planks":20,"minecraft:stone":8,"minecraft:diamond_shovel":1,"minecraft:bookshelf":21,"minecraft:cooked_mutton":9,"minecraft:glass":64,"minecraft:diamond_leggings":1,"minecraft:iron_boots":1,"minecraft:chest":25,"minecraft:gray_bed":1,"chococraft:straw":16,"minecraft:diamond_axe":1,"minecraft:crafting_table":7,"minecraft:spruce_planks":380,"minecraft:iron_helmet":1,"minecraft:baked_potato":8,"minecraft:iron_chestplate":1,"vampirism:dark_spruce_planks":80,"minecraft:diamond_pickaxe":1,"minecraft:stick":180,"minecraft:iron_ingot":105,"minecraft:iron_block":3,"minecraft:black_bed":1,"minecraft:gray_carpet":111,"minecraft:netherite_ingot":1,"minecraft:shears":1,"minecraft:coal":9,"chococraft:chocobo_drumstick_cooked":1,"vampirism:cursed_spruce_planks":44,"minecraft:furnace":3,"graveyard:dark_iron_ingot":144,"minecraft:red_terracotta":8,"minecraft:bone_meal":9,"minecraft:spruce_fence":66,"minecraft:iron_axe":6,"minecraft:spruce_slab":306,"minecraft:iron_hoe":2,"minecraft:stone_pickaxe":1,"minecraft:diamond_boots":1,"minecraft:dark_oak_planks":8,"minecraft:wheat":729,"minecraft:red_dye":1,"minecraft:diamond_sword":1,"minecraft:enchanting_table":1,"minecraft:iron_sword":4,"minecraft:bucket":1,"minecraft:air":0,"minecraft:bread":239,"securitycraft:dirt_mine":6,"minecraft:wooden_axe":1,"minecraft:iron_shovel":7,"minecraft:iron_leggings":1,"minecraft:stonecutter":1,"minecraft:anvil":1,"graveyard:dark_iron_block":8,"minecraft:torch":12,"minecraft:diamond_chestplate":1},"minecraft:broken":{"minecraft:iron_shovel":4,"minecraft:iron_sword":2,"minecraft:wooden_axe":1,"minecraft:iron_axe":4,"minecraft:iron_pickaxe":2},"minecraft:killed":{"vampirism:vampire":14,"minecraft:witch":1,"vampirism:advanced_vampire":5,"minecraft:spider":21,"graveyard:wraith":18,"minecraft:skeleton":6,"vampirism:blinding_bat":1,"alexsmobs:leafcutter_ant":12,"minecraft:chicken":1,"vampirism:vampire_baron":2,"minecraft:pig":1,"alexsmobs:grizzly_bear":3,"minecraft:creeper":3,"minecraft:sheep":1,"minecraft:zombie":19,"graveyard:corrupted_pillager":1,"minecraft:cow":1,"mca:female_zombie_villager":1,"mca:male_zombie_villager":1,"graveyard:corrupted_vindicator":5,"graveyard:revenant":16,"minecraft:phantom":1,"minecraft:drowned":1,"graveyard:ghoul":38,"alexsmobs:rhinoceros":3,"minecraft:hoglin":7,"alexsmobs:emu":1,"alexsmobs:catfish":1,"alexsmobs:elephant":1,"alexsmobs:crow":1,"minecraft:wither_skeleton":40},"minecraft:dropped":{"minecraft:iron_sword":4,"minecraft:soul_sand":1,"minecraft:porkchop":17,"minecraft:lapis_lazuli":12,"minecraft:glass_bottle":7,"minecraft:diamond":2,"minecraft:crafting_table":4,"minecraft:stripped_birch_wood":8,"minecraft:lantern":1,"minecraft:leather":7,"minecraft:iron_horse_armor":2,"minecraft:saddle":8,"minecraft:rail":1,"minecraft:flint":3,"minecraft:emerald":4,"minecraft:dirt":93,"minecraft:mutton":1,"minecraft:pumpkin_pie":24,"minecraft:bone_block":7,"minecraft:iron_pickaxe":1,"minecraft:white_wool":2,"minecraft:bone":49,"alexsmobs:gazelle_horn":1,"minecraft:cobbled_deepslate":128,"vampirism:holy_water_bottle_normal":2,"minecraft:wheat":4,"minecraft:rotten_flesh":22,"minecraft:oak_planks":16,"minecraft:carrot":29,"minecraft:gunpowder":2,"vampirism:vampire_fang":4,"minecraft:acacia_slab":2,"minecraft:ladder":3,"vampirism:hunter_axe_ultimate":1,"minecraft:end_stone_bricks":2,"minecraft:arrow":3,"minecraft:beef":1,"minecraft:oak_leaves":3,"vampirism:item_garlic":4,"minecraft:iron_ingot":22,"minecraft:bread":225,"minecraft:wheat_seeds":8,"scalinghealth:cursed_heart":1,"minecraft:iron_helmet":4,"minecraft:feather":1,"minecraft:cobblestone":6,"scalinghealth:heart_crystal_shard":2,"minecraft:coal":25,"minecraft:stick":30,"minecraft:diamond_horse_armor":2,"minecraft:gray_wool":1,"minecraft:golden_carrot":33,"minecraft:torch":6,"tombstone:grave_key":1,"minecraft:repeater":1,"minecraft:wooden_axe":1,"minecraft:rose_bush":10,"minecraft:iron_leggings":2,"minecraft:iron_axe":3,"minecraft:iron_shovel":2,"minecraft:string":19,"vampirism:dark_spruce_sapling":2,"minecraft:nether_wart":34,"minecraft:raw_copper":5,"minecraft:sticky_piston":1,"minecraft:chicken":1,"minecraft:clay_ball":136,"vampirism:heart_striker_enhanced":1,"blue_skies:moonstone_shard":2,"scalinghealth:power_crystal_shard":5,"minecraft:flint_and_steel":3,"minecraft:diamond_sword":1,"minecraft:shield":2,"minecraft:spruce_planks":40,"minecraft:spruce_trapdoor":1,"minecraft:iron_chestplate":1,"minecraft:spider_eye":4,"minecraft:barrel":1,"minecraft:stone_pickaxe":1,"minecraft:wooden_pickaxe":1,"waystones:waystone":1,"vampirism:cursed_spruce_planks":36,"botania:lime_mystical_flower":5,"minecraft:black_wool":1},"minecraft:used":{"minecraft:iron_shovel":1007,"minecraft:spruce_slab":218,"minecraft:chest":34,"vampirism:heart_striker_enhanced":4,"minecraft:shield":28,"minecraft:iron_sword":584,"botania:orange_mushroom":1,"chococraft:chocobo_drumstick_cooked":1,"minecraft:carrot":3,"minecraft:snowball":34,"minecraft:glass":48,"vampirism:item_tent":4,"minecraft:lantern":6,"chococraft:straw":5,"vampirism:dark_spruce_planks":80,"minecraft:hay_block":6,"minecraft:furnace":8,"minecraft:gray_bed":3,"minecraft:egg":3,"minecraft:end_stone_bricks":2,"minecraft:stone_pickaxe":20,"minecraft:gray_carpet":121,"minecraft:oak_planks":7,"minecraft:wooden_pickaxe":3,"minecraft:diamond_axe":79,"blue_skies:turquoise_stonebrick":14,"minecraft:golden_apple":16,"minecraft:glow_berries":1,"minecraft:black_bed":1,"minecraft:shears":56,"waystones:waystone":1,"scalinghealth:enchanted_heart":1,"minecraft:bread":54,"minecraft:string":2,"vampirism:cursed_earth":230,"minecraft:diamond_sword":804,"vampirism:altar_cleansing":1,"minecraft:smithing_table":1,"vampirism:med_chair":1,"chococraft:gysahl_green":1,"minecraft:bone_meal":9,"minecraft:enchanting_table":1,"minecraft:spruce_planks":736,"beyond_earth:earth_globe":1,"farmersdelight:rich_soil":1,"minecraft:torch":7,"minecraft:dirt":1066,"scalinghealth:heart_crystal":14,"minecraft:anvil":3,"minecraft:spruce_fence":43,"minecraft:iron_hoe":74,"minecraft:wooden_axe":59,"minecraft:bookshelf":16,"minecraft:iron_axe":988,"blue_skies:maple_crafting_table":3,"minecraft:golden_carrot":10,"securitycraft:dirt_mine":8,"farmersdelight:cooking_pot":1,"tombstone:gift":7,"minecraft:cobbled_deepslate":1,"minecraft:cooked_mutton":9,"vampirism:fire_place":2,"minecraft:water_bucket":76,"minecraft:cobblestone_stairs":26,"minecraft:fletching_table":1,"minecraft:stonecutter":1,"minecraft:gilded_blackstone":5,"minecraft:crafting_table":12,"vampirism:hunter_table":3,"minecraft:white_bed":2,"minecraft:spruce_log":80,"tombstone:bag_of_seeds":2,"minecraft:diamond_pickaxe":249,"minecraft:diamond_shovel":358,"chococraft:gysahl_green_seeds":1,"minecraft:iron_pickaxe":573,"minecraft:map":1,"tombstone:magic_scroll":1,"minecraft:spruce_sapling":8,"vampirism:cursed_spruce_log":9,"minecraft:cobblestone":19,"minecraft:potion":5,"minecraft:bucket":76,"minecraft:yellow_bed":8,"minecraft:gray_wool":213,"minecraft:diamond_leggings":1,"minecraft:splash_potion":3,"alexsmobs:emu_egg":2}},"DataVersion":3120}