{"stats":{"minecraft:crafted":{"minecraft:smooth_stone":3,"globalxp:xp_block":1,"vampirism:altar_cleansing":1,"minecraft:stone":37,"securitycraft:keypad_item":3,"minecraft:heavy_weighted_pressure_plate":3,"minecraft:cooked_mutton":2,"minecraft:iron_bars":16,"farmersdelight:safety_net":1,"minecraft:iron_boots":2,"minecraft:chest":10,"scalinghealth:power_crystal":1,"minecraft:smoker":1,"minecraft:crafting_table":3,"minecraft:spruce_planks":152,"minecraft:wooden_pickaxe":1,"minecraft:iron_helmet":3,"minecraft:spruce_door":3,"minecraft:gold_block":13,"minecraft:iron_chestplate":3,"minecraft:diamond_pickaxe":1,"minecraft:shield":2,"minecraft:stick":68,"minecraft:iron_ingot":292,"minecraft:iron_pickaxe":3,"minecraft:acacia_door":3,"minecraft:iron_block":23,"minecraft:stone_sword":1,"minecraft:gold_ingot":105,"minecraft:shears":4,"minecraft:golden_carrot":13,"minecraft:wooden_sword":1,"chococraft:chocobo_drumstick_cooked":1,"vanillaplustools:iron_shovel":1,"vampirism:cursed_spruce_planks":16,"minecraft:stone_button":24,"minecraft:furnace":4,"minecraft:blast_furnace":1,"mca:bouquet":1,"minecraft:bone_meal":54,"minecraft:stone_pickaxe":1,"minecraft:diamond_boots":1,"minecraft:wheat":9,"minecraft:coal_block":32,"minecraft:diamond_sword":1,"minecraft:iron_sword":1,"scalinghealth:heart_crystal":4,"minecraft:bucket":1,"minecraft:stone_axe":1,"minecraft:acacia_boat":1,"minecraft:bread":6,"minecraft:air":0,"minecraft:gold_nugget":144,"minecraft:iron_shovel":10,"minecraft:iron_leggings":3,"minecraft:stonecutter":1,"minecraft:acacia_planks":28,"minecraft:torch":72},"minecraft:custom":{"minecraft:interact_with_crafting_table":73,"minecraft:open_barrel":59,"goblintraders:trade_with_goblin":137,"minecraft:leave_game":7,"minecraft:time_since_death":49957,"minecraft:damage_resisted":198,"minecraft:sprint_one_cm":1276986,"minecraft:damage_blocked_by_shield":3365,"minecraft:drop":137,"minecraft:play_time":629181,"minecraft:deaths":4,"minecraft:jump":7131,"minecraft:walk_on_water_one_cm":78217,"minecraft:interact_with_furnace":33,"minecraft:traded_with_villager":1,"minecraft:interact_with_cartography_table":1,"minecraft:sleep_in_bed":8,"minecraft:waystone_activated":5,"tombstone:sneak_grave":1,"minecraft:damage_dealt":86288,"minecraft:crouch_one_cm":328597,"tombstone:undead_killed":141,"minecraft:interact_with_smoker":5,"minecraft:horse_one_cm":7940,"minecraft:mob_kills":246,"minecraft:interact_with_anvil":1,"minecraft:damage_dealt_resisted":3624,"minecraft:climb_one_cm":14917,"minecraft:walk_one_cm":1565179,"minecraft:sneak_time":93731,"minecraft:walk_under_water_one_cm":79920,"minecraft:boat_one_cm":419857,"minecraft:interact_with_lectern":1,"minecraft:interact_with_blast_furnace":12,"minecraft:total_world_time":629181,"tombstone:raider_killed":1,"minecraft:interact_with_stonecutter":3,"minecraft:time_since_rest":22700,"minecraft:damage_taken":119740,"minecraft:damage_absorbed":131,"minecraft:trigger_trapped_chest":5,"minecraft:swim_one_cm":526301,"minecraft:fly_one_cm":1190703,"minecraft:open_chest":239,"minecraft:fall_one_cm":226352},"minecraft:mined":{"minecraft:large_amethyst_bud":2,"biomesoplenty:glowshroom":1,"minecraft:spruce_planks":1,"minecraft:sculk_vein":11,"minecraft:brewing_stand":1,"minecraft:obsidian":4,"minecraft:budding_amethyst":2,"minecraft:acacia_log":7,"minecraft:grass_block":1104,"minecraft:yellow_carpet":1,"graveyard:dark_iron_door":1,"minecraft:deepslate_bricks":13,"minecraft:hopper":8,"minecraft:spawner":6,"minecraft:sculk_catalyst":1,"minecraft:iron_ore":63,"minecraft:cobbled_deepslate":4,"minecraft:fire":14,"minecraft:deepslate_lapis_ore":10,"minecraft:anvil":1,"minecraft:sculk_shrieker":9,"chococraft:gysahl_green":1,"biomesoplenty:glowshroom_block":2,"minecraft:dirt_path":1,"scalinghealth:deepslate_power_crystal_ore":1,"minecraft:small_amethyst_bud":1,"minecraft:iron_bars":3,"minecraft:deepslate_brick_stairs":1,"blue_skies:turquoise_stonebrick":1,"biomesoplenty:glowing_moss_carpet":2,"minecraft:polished_deepslate_stairs":4,"biomesoplenty:glowworm_silk":1,"graveyard:dark_iron_trapdoor":2,"minecraft:medium_amethyst_bud":1,"minecraft:soul_fire":2,"minecraft:amethyst_cluster":4,"minecraft:clay":4,"minecraft:torch":2,"minecraft:blast_furnace":8,"minecraft:melon":22,"farmersdelight:safety_net":3,"minecraft:mushroom_stem":9,"minecraft:cobblestone":36,"graveyard:skeleton_hand":1,"minecraft:oak_planks":15,"minecraft:wall_torch":5,"minecraft:amethyst_block":8,"minecraft:skeleton_skull":2,"vampirism:dark_spruce_leaves":1,"minecraft:magenta_bed":2,"minecraft:tnt":2,"minecraft:grass":16,"minecraft:cracked_deepslate_tiles":6,"biomesoplenty:clover":3,"minecraft:oak_log":1,"minecraft:dirt":1219,"minecraft:potted_red_tulip":1,"minecraft:netherrack":2,"minecraft:deepslate":300,"minecraft:deepslate_tiles":13,"minecraft:tuff":6,"minecraft:deepslate_diamond_ore":4,"minecraft:jungle_planks":1,"graveyard:tg_deepslate":3,"vampirism:vampire_orchid":1,"minecraft:spruce_leaves":1034,"minecraft:moss_block":2,"minecraft:large_fern":1,"minecraft:hay_block":2,"graveyard:soul_fire_brazier":1,"minecraft:spruce_sapling":1,"minecraft:furnace":3,"minecraft:snow":157,"minecraft:andesite":2,"minecraft:gold_block":2,"minecraft:polished_deepslate":1,"minecraft:bookshelf":55,"minecraft:deepslate_iron_ore":91,"minecraft:rail":3,"minecraft:stone":420,"farmersdelight:cooking_pot":1,"minecraft:acacia_leaves":2,"vampirism:cursed_spruce_log":5,"minecraft:oak_fence":2,"minecraft:crafting_table":18,"graveyard:tg_rooted_dirt":1,"botania:pink_mushroom":1,"minecraft:sculk_sensor":43,"minecraft:lectern":1,"minecraft:tall_grass":3,"minecraft:deepslate_gold_ore":88,"minecraft:cracked_deepslate_bricks":10,"minecraft:sculk":57,"minecraft:diorite":48,"minecraft:gray_wool":113,"graveyard:vase_block":2,"globalxp:xp_block":1,"minecraft:spruce_log":53,"minecraft:yellow_bed":1,"minecraft:coal_ore":103,"graveyard:leaning_skeleton":1,"minecraft:gravel":4,"minecraft:gray_carpet":12,"minecraft:cobweb":19,"minecraft:chipped_anvil":1,"minecraft:gold_ore":4,"minecraft:fern":17},"minecraft:killed_by":{"minecraft:warden":2},"minecraft:killed":{"vampirism:vampire":11,"minecraft:witch":1,"vampirism:advanced_vampire":4,"minecraft:spider":6,"graveyard:wraith":31,"vampirism:blinding_bat":4,"minecraft:skeleton":25,"minecraft:chicken":2,"vampirism:advanced_hunter":1,"alexsmobs:skelewag":1,"artifacts:mimic":3,"vampirism:vampire_baron":7,"alexsmobs:seal":1,"minecraft:creeper":1,"vampirism:hunter":2,"minecraft:sheep":2,"alexsmobs:flutter":1,"minecraft:zombie":70,"graveyard:corrupted_pillager":27,"minecraft:cow":1,"chococraft:chocobo":1,"graveyard:corrupted_vindicator":8,"alexsmobs:raccoon":1,"alexsmobs:blue_jay":2,"alexsmobs:skreecher":1,"graveyard:ghoul":14,"alexsmobs:emu":1,"alexsmobs:crow":1,"creeperoverhaul:savannah_creeper":1,"minecraft:enderman":5},"minecraft:picked_up":{"minecraft:wheat":10,"minecraft:flower_pot":1,"minecraft:anvil":1,"minecraft:lead":2,"minecraft:diamond_sword":1,"minecraft:brewing_stand":2,"minecraft:amethyst_block":10,"minecraft:string":23,"vampirism:dark_spruce_planks":1,"minecraft:experience_bottle":1,"vampirism:obi_belt":1,"minecraft:deepslate_tiles":6,"alexsmobs:emu_feather":1,"minecraft:cobbled_deepslate":356,"minecraft:spruce_planks":1,"minecraft:iron_pickaxe":1,"minecraft:melon_slice":124,"minecraft:furnace":3,"minecraft:stick":17,"minecraft:polished_deepslate_stairs":1,"minecraft:torch":9,"minecraft:acacia_log":7,"minecraft:porkchop":5,"vampirism:holy_water_bottle_enhanced":1,"tombstone:grave_dust":22,"vampirism:vampire_fang":3,"graveyard:dark_iron_trapdoor":2,"minecraft:black_dye":2,"vampirism:blood_bottle":1,"botania:light_gray_mystical_flower":2,"minecraft:rotten_flesh":72,"vampirism:pure_blood_2":1,"minecraft:red_tulip":1,"alexsmobs:emu_egg":2,"chococraft:chocobo_drumstick_raw":1,"minecraft:deepslate_brick_stairs":1,"minecraft:obsidian":4,"minecraft:iron_bars":1,"minecraft:snowball":100,"minecraft:cobblestone":480,"minecraft:feather":3,"minecraft:andesite":1,"alexsmobs:bison_fur":2,"minecraft:smoker":1,"biomesoplenty:glowshroom":2,"farmersdelight:safety_net":3,"minecraft:tuff":5,"minecraft:magenta_bed":3,"minecraft:acacia_boat":5,"minecraft:lapis_lazuli":69,"minecraft:dirt":2300,"minecraft:bone":37,"minecraft:chipped_anvil":1,"minecraft:wheat_seeds":48,"minecraft:raw_gold":92,"vampirism:pure_blood_1":3,"minecraft:oak_planks":2,"vampirism:cursed_spruce_log":5,"vampirism:ring":2,"minecraft:jungle_planks":1,"minecraft:grass_block":1,"vampirism:pure_blood_0":3,"minecraft:bundle":1,"minecraft:yellow_carpet":1,"minecraft:diamond":6,"waystones:waystone":2,"blue_skies:turquoise_stonebrick":1,"scalinghealth:cursed_heart":3,"minecraft:netherrack":1,"mca:bouquet":1,"minecraft:spruce_leaves":491,"minecraft:crafting_table":20,"minecraft:chicken":2,"minecraft:clay_ball":68,"minecraft:golden_pickaxe":1,"vampirism:heart_striker_enhanced":3,"minecraft:gold_block":2,"artifacts:power_glove":1,"minecraft:iron_shovel":3,"graveyard:soul_fire_brazier":1,"graveyard:corruption":39,"vampirism:cursed_earth":1,"minecraft:beef":1,"globalxp:xp_block":1,"minecraft:raw_iron":152,"minecraft:copper_ingot":7,"artifacts:vampiric_glove":1,"botania:pink_mushroom":1,"minecraft:carrot":15,"minecraft:tnt":1,"minecraft:arrow":26,"minecraft:pumpkin_pie":24,"minecraft:deepslate_bricks":4,"minecraft:hay_block":2,"minecraft:cracked_deepslate_bricks":8,"tombstone:essence_of_undeath":1,"minecraft:glow_berries":1,"minecraft:mutton":7,"minecraft:white_wool":2,"minecraft:skeleton_skull":2,"minecraft:rail":4,"minecraft:cracked_deepslate_tiles":3,"vampirism:vampire_blood_bottle":2,"minecraft:golden_carrot":33,"minecraft:leather":2,"alexsmobs:skreecher_soul":1,"scalinghealth:bandages":1,"minecraft:yellow_bed":1,"scalinghealth:heart_crystal":13,"biomesoplenty:glowing_moss_carpet":2,"chococraft:chocobo_feather":4,"minecraft:apple":3,"minecraft:gray_carpet":12,"farmersdelight:cooking_pot":1,"biomesoplenty:glowworm_silk":1,"minecraft:spore_blossom":1,"minecraft:iron_ingot":1,"scalinghealth:power_crystal_shard":13,"minecraft:book":144,"scalinghealth:heart_crystal_shard":51,"minecraft:gravel":1,"minecraft:amethyst_shard":8,"chococraft:gysahl_green_seeds":1,"minecraft:spruce_sapling":27,"minecraft:blast_furnace":8,"minecraft:spruce_log":84,"minecraft:spider_eye":1,"vampirism:hunter_axe_ultimate":1,"minecraft:spruce_door":1,"artifacts:helium_flamingo":1,"minecraft:gray_wool":106,"tombstone:magic_scroll":1,"vampirism:vampire_orchid":1,"minecraft:coal":155,"minecraft:hopper":8,"minecraft:ender_pearl":2},"minecraft:broken":{"minecraft:iron_shovel":2,"minecraft:shears":4,"minecraft:iron_chestplate":2,"minecraft:iron_leggings":1,"minecraft:iron_sword":1,"minecraft:iron_pickaxe":3,"minecraft:iron_helmet":2},"minecraft:dropped":{"minecraft:iron_sword":1,"minecraft:diamond_axe":1,"minecraft:golden_pickaxe":2,"minecraft:crafting_table":1,"mca:bouquet":1,"minecraft:jungle_planks":1,"minecraft:rail":2,"alexsmobs:bison_fur":1,"minecraft:spruce_leaves":287,"minecraft:dirt":48,"minecraft:mutton":2,"minecraft:snowball":54,"minecraft:wooden_sword":1,"minecraft:bone_meal":13,"minecraft:iron_pickaxe":2,"minecraft:bone":2,"minecraft:cobbled_deepslate":139,"minecraft:wheat":1,"vampirism:holy_water_bottle_enhanced":1,"minecraft:rotten_flesh":44,"alexsmobs:emu_egg":1,"vampirism:hunter_axe_ultimate":1,"minecraft:iron_bars":1,"minecraft:arrow":5,"minecraft:beef":1,"minecraft:netherrack":1,"botania:light_gray_mystical_flower":2,"vampirism:item_garlic":2,"minecraft:iron_ingot":7,"minecraft:black_dye":2,"minecraft:wheat_seeds":46,"scalinghealth:cursed_heart":1,"minecraft:feather":2,"minecraft:cobblestone":75,"minecraft:lead":1,"minecraft:copper_ingot":7,"minecraft:spruce_door":2,"minecraft:coal":1,"minecraft:yellow_carpet":1,"minecraft:gray_wool":1,"minecraft:golden_carrot":6,"tombstone:magic_scroll":1,"minecraft:melon_slice":1,"vampirism:cursed_earth":1,"minecraft:fire_charge":1,"tombstone:grave_dust":1,"minecraft:iron_leggings":2,"minecraft:wither_rose":1,"biomesoplenty:glowshroom":2,"vampirism:ring":1,"minecraft:iron_shovel":3,"minecraft:string":18,"minecraft:spruce_sapling":3,"minecraft:stone_sword":1,"vampirism:obi_belt":1,"minecraft:tuff":2,"minecraft:chicken":2,"minecraft:clay_ball":68,"minecraft:iron_boots":1,"vampirism:heart_striker_enhanced":3,"minecraft:flint_and_steel":1,"botania:pink_mushroom":1,"minecraft:diamond_sword":1,"minecraft:shield":1,"minecraft:yellow_bed":1,"minecraft:spider_eye":1,"minecraft:stone_pickaxe":1,"minecraft:wooden_pickaxe":1,"minecraft:raw_gold":1,"minecraft:cracked_deepslate_bricks":4},"minecraft:used":{"alexsmobs:emu_egg":1,"minecraft:iron_shovel":816,"vampirism:cursed_spruce_planks":8,"minecraft:chest":10,"minecraft:diamond_hoe":77,"vampirism:heart_striker_enhanced":17,"minecraft:shield":101,"minecraft:iron_sword":249,"minecraft:rotten_flesh":2,"minecraft:iron_chestplate":2,"chococraft:chocobo_drumstick_cooked":1,"securitycraft:keypad_item":3,"minecraft:cracked_deepslate_tiles":2,"minecraft:axolotl_bucket":2,"minecraft:snowball":17,"vanillaplustools:iron_shovel":250,"minecraft:iron_helmet":1,"vampirism:dark_spruce_planks":1,"minecraft:hay_block":1,"minecraft:furnace":5,"farmersdelight:safety_net":3,"minecraft:skeleton_skull":1,"minecraft:spruce_door":2,"minecraft:stone_pickaxe":87,"minecraft:gray_carpet":6,"minecraft:ender_pearl":6,"minecraft:wooden_pickaxe":15,"minecraft:diamond_axe":32,"blue_skies:turquoise_stonebrick":1,"minecraft:blast_furnace":1,"minecraft:shears":879,"minecraft:deepslate_tiles":6,"waystones:waystone":2,"minecraft:acacia_door":3,"minecraft:melon_slice":121,"minecraft:bread":9,"minecraft:diamond_sword":1109,"tombstone:familiar_stone":3,"globalxp:xp_block":2,"vampirism:altar_cleansing":1,"graveyard:dark_iron_block":1,"minecraft:bone_meal":41,"minecraft:golden_pickaxe":4,"minecraft:experience_bottle":5,"minecraft:stone_sword":23,"minecraft:flint_and_steel":37,"minecraft:cracked_deepslate_bricks":3,"minecraft:spruce_planks":18,"minecraft:torch":82,"minecraft:brewing_stand":1,"minecraft:dirt":1238,"scalinghealth:heart_crystal":16,"minecraft:iron_axe":90,"minecraft:iron_boots":1,"scalinghealth:power_crystal":1,"minecraft:golden_carrot":36,"farmersdelight:cooking_pot":2,"tombstone:gift":5,"minecraft:cobbled_deepslate":72,"minecraft:enchanted_golden_apple":1,"minecraft:iron_leggings":1,"minecraft:cooked_mutton":2,"minecraft:water_bucket":17,"minecraft:acacia_boat":5,"minecraft:stonecutter":1,"minecraft:deepslate_bricks":1,"graveyard:soul_fire_brazier":1,"minecraft:crafting_table":21,"minecraft:magenta_bed":3,"tombstone:tablet_of_home":2,"minecraft:cake":1,"minecraft:smoker":2,"minecraft:diamond_pickaxe":234,"minecraft:iron_pickaxe":1013,"minecraft:spruce_sapling":8,"minecraft:stone_axe":91,"vampirism:cursed_spruce_log":1,"minecraft:cobblestone":175,"minecraft:potion":1,"minecraft:bucket":20,"minecraft:pumpkin_pie":12,"minecraft:gray_wool":105}},"DataVersion":3120}