{"stats":{"minecraft:killed_by":{"minecraft:warden":2},"minecraft:mined":{"minecraft:large_amethyst_bud":2,"biomesoplenty:glowshroom":1,"minecraft:spruce_planks":1,"minecraft:sculk_vein":6,"minecraft:brewing_stand":1,"minecraft:budding_amethyst":2,"minecraft:acacia_log":7,"minecraft:grass_block":420,"minecraft:yellow_carpet":1,"graveyard:dark_iron_door":1,"minecraft:deepslate_bricks":9,"minecraft:spawner":4,"minecraft:sculk_catalyst":1,"minecraft:iron_ore":63,"minecraft:cobbled_deepslate":4,"minecraft:fire":5,"minecraft:deepslate_lapis_ore":10,"minecraft:anvil":1,"minecraft:sculk_shrieker":9,"biomesoplenty:glowshroom_block":2,"minecraft:dirt_path":1,"scalinghealth:deepslate_power_crystal_ore":1,"minecraft:small_amethyst_bud":1,"minecraft:iron_bars":3,"minecraft:deepslate_brick_stairs":1,"minecraft:polished_deepslate_stairs":2,"blue_skies:turquoise_stonebrick":1,"graveyard:dark_iron_trapdoor":2,"biomesoplenty:glowing_moss_carpet":2,"biomesoplenty:glowworm_silk":1,"minecraft:medium_amethyst_bud":1,"minecraft:soul_fire":2,"minecraft:amethyst_cluster":4,"minecraft:clay":4,"minecraft:torch":2,"minecraft:melon":22,"farmersdelight:safety_net":3,"minecraft:mushroom_stem":9,"minecraft:cobblestone":33,"minecraft:oak_planks":15,"minecraft:wall_torch":4,"minecraft:amethyst_block":8,"minecraft:skeleton_skull":2,"minecraft:magenta_bed":2,"minecraft:tnt":1,"minecraft:grass":10,"minecraft:cracked_deepslate_tiles":6,"biomesoplenty:clover":2,"minecraft:oak_log":1,"minecraft:dirt":193,"minecraft:potted_red_tulip":1,"minecraft:netherrack":2,"minecraft:deepslate":269,"minecraft:deepslate_tiles":13,"minecraft:tuff":3,"minecraft:deepslate_diamond_ore":4,"minecraft:jungle_planks":1,"graveyard:tg_deepslate":3,"minecraft:spruce_leaves":330,"minecraft:moss_block":1,"minecraft:hay_block":2,"minecraft:spruce_sapling":1,"minecraft:furnace":3,"minecraft:snow":12,"minecraft:andesite":2,"minecraft:gold_block":2,"minecraft:deepslate_iron_ore":87,"minecraft:rail":1,"minecraft:stone":253,"farmersdelight:cooking_pot":1,"minecraft:acacia_leaves":2,"minecraft:oak_fence":2,"minecraft:crafting_table":18,"botania:pink_mushroom":1,"minecraft:sculk_sensor":36,"minecraft:tall_grass":3,"minecraft:deepslate_gold_ore":42,"minecraft:cracked_deepslate_bricks":8,"minecraft:sculk":24,"minecraft:diorite":48,"minecraft:gray_wool":103,"graveyard:vase_block":2,"globalxp:xp_block":1,"minecraft:spruce_log":18,"minecraft:yellow_bed":1,"minecraft:coal_ore":102,"minecraft:gravel":3,"minecraft:gray_carpet":12,"minecraft:cobweb":6,"minecraft:chipped_anvil":1,"minecraft:gold_ore":4,"minecraft:fern":17},"minecraft:picked_up":{"minecraft:wheat":10,"minecraft:anvil":1,"minecraft:flower_pot":1,"minecraft:diamond_sword":1,"minecraft:lead":2,"minecraft:brewing_stand":2,"minecraft:amethyst_block":10,"minecraft:string":2,"minecraft:experience_bottle":1,"vampirism:obi_belt":1,"minecraft:deepslate_tiles":6,"alexsmobs:emu_feather":1,"minecraft:cobbled_deepslate":326,"minecraft:spruce_planks":1,"minecraft:iron_pickaxe":1,"minecraft:melon_slice":124,"minecraft:furnace":3,"minecraft:stick":5,"minecraft:polished_deepslate_stairs":1,"minecraft:torch":7,"minecraft:acacia_log":7,"tombstone:grave_dust":12,"vampirism:vampire_fang":1,"graveyard:dark_iron_trapdoor":2,"minecraft:rotten_flesh":39,"minecraft:red_tulip":1,"alexsmobs:emu_egg":2,"chococraft:chocobo_drumstick_raw":1,"minecraft:deepslate_brick_stairs":1,"minecraft:iron_bars":1,"minecraft:snowball":10,"minecraft:cobblestone":353,"minecraft:feather":1,"minecraft:andesite":1,"farmersdelight:safety_net":3,"biomesoplenty:glowshroom":2,"minecraft:tuff":3,"minecraft:magenta_bed":2,"minecraft:acacia_boat":5,"minecraft:lapis_lazuli":69,"minecraft:dirt":612,"minecraft:bone":13,"minecraft:chipped_anvil":1,"minecraft:wheat_seeds":42,"minecraft:raw_gold":46,"minecraft:oak_planks":2,"vampirism:ring":2,"minecraft:jungle_planks":1,"minecraft:bundle":1,"minecraft:yellow_carpet":1,"minecraft:diamond":6,"waystones:waystone":2,"blue_skies:turquoise_stonebrick":1,"scalinghealth:cursed_heart":2,"minecraft:netherrack":1,"minecraft:spruce_leaves":185,"minecraft:crafting_table":19,"minecraft:chicken":2,"minecraft:clay_ball":68,"minecraft:golden_pickaxe":1,"minecraft:gold_block":2,"vampirism:heart_striker_enhanced":3,"graveyard:corruption":30,"minecraft:beef":1,"globalxp:xp_block":1,"minecraft:raw_iron":148,"artifacts:vampiric_glove":1,"botania:pink_mushroom":1,"minecraft:tnt":1,"minecraft:arrow":13,"minecraft:pumpkin_pie":24,"minecraft:deepslate_bricks":2,"minecraft:hay_block":2,"minecraft:cracked_deepslate_bricks":7,"minecraft:mutton":3,"minecraft:glow_berries":1,"minecraft:white_wool":2,"minecraft:skeleton_skull":2,"minecraft:rail":4,"minecraft:cracked_deepslate_tiles":3,"vampirism:vampire_blood_bottle":1,"minecraft:golden_carrot":33,"minecraft:leather":2,"minecraft:yellow_bed":1,"scalinghealth:heart_crystal":3,"biomesoplenty:glowing_moss_carpet":2,"chococraft:chocobo_feather":4,"minecraft:apple":3,"minecraft:gray_carpet":12,"farmersdelight:cooking_pot":1,"biomesoplenty:glowworm_silk":1,"minecraft:spore_blossom":1,"minecraft:iron_ingot":1,"scalinghealth:power_crystal_shard":4,"scalinghealth:heart_crystal_shard":19,"minecraft:gravel":1,"minecraft:amethyst_shard":8,"minecraft:spruce_sapling":15,"minecraft:spruce_log":30,"vampirism:hunter_axe_ultimate":1,"minecraft:spruce_door":1,"artifacts:helium_flamingo":1,"minecraft:gray_wool":96,"minecraft:coal":102,"minecraft:ender_pearl":1},"minecraft:custom":{"minecraft:interact_with_crafting_table":45,"minecraft:open_barrel":43,"goblintraders:trade_with_goblin":137,"minecraft:leave_game":6,"minecraft:time_since_death":139779,"minecraft:damage_resisted":198,"minecraft:sprint_one_cm":684815,"minecraft:damage_blocked_by_shield":2591,"minecraft:drop":84,"minecraft:play_time":437799,"minecraft:deaths":3,"minecraft:jump":4357,"minecraft:walk_on_water_one_cm":54604,"minecraft:interact_with_furnace":24,"minecraft:interact_with_cartography_table":1,"minecraft:sleep_in_bed":5,"minecraft:waystone_activated":5,"tombstone:sneak_grave":1,"minecraft:damage_dealt":35198,"minecraft:crouch_one_cm":257094,"tombstone:undead_killed":63,"minecraft:interact_with_smoker":2,"minecraft:horse_one_cm":7940,"minecraft:mob_kills":122,"minecraft:interact_with_anvil":1,"minecraft:climb_one_cm":12368,"minecraft:walk_one_cm":858264,"minecraft:sneak_time":79848,"minecraft:walk_under_water_one_cm":55476,"minecraft:boat_one_cm":419857,"minecraft:interact_with_lectern":1,"minecraft:interact_with_blast_furnace":2,"minecraft:total_world_time":437799,"tombstone:raider_killed":1,"minecraft:time_since_rest":102004,"minecraft:damage_taken":9180,"minecraft:damage_absorbed":131,"minecraft:trigger_trapped_chest":1,"minecraft:swim_one_cm":324318,"minecraft:fly_one_cm":680187,"minecraft:open_chest":125,"minecraft:fall_one_cm":142759},"minecraft:crafted":{"minecraft:smooth_stone":3,"globalxp:xp_block":1,"minecraft:stone":3,"minecraft:cooked_mutton":2,"minecraft:iron_bars":16,"farmersdelight:safety_net":1,"minecraft:iron_boots":1,"minecraft:chest":6,"minecraft:smoker":1,"minecraft:crafting_table":2,"minecraft:spruce_planks":84,"minecraft:wooden_pickaxe":1,"minecraft:iron_helmet":1,"minecraft:spruce_door":3,"minecraft:gold_block":13,"minecraft:iron_chestplate":2,"minecraft:shield":2,"minecraft:stick":32,"minecraft:iron_ingot":252,"minecraft:iron_pickaxe":3,"minecraft:iron_block":8,"minecraft:acacia_door":3,"minecraft:stone_sword":1,"minecraft:gold_ingot":96,"minecraft:shears":1,"minecraft:wooden_sword":1,"chococraft:chocobo_drumstick_cooked":1,"minecraft:furnace":4,"minecraft:blast_furnace":1,"minecraft:stone_pickaxe":1,"minecraft:wheat":9,"minecraft:coal_block":20,"minecraft:diamond_sword":1,"minecraft:iron_sword":1,"scalinghealth:heart_crystal":1,"minecraft:bucket":1,"minecraft:stone_axe":1,"minecraft:acacia_boat":1,"minecraft:bread":6,"minecraft:air":0,"minecraft:iron_shovel":1,"minecraft:iron_leggings":1,"minecraft:acacia_planks":28,"minecraft:torch":72},"minecraft:broken":{"minecraft:iron_shovel":1,"minecraft:shears":1,"minecraft:iron_chestplate":1,"minecraft:iron_sword":1,"minecraft:iron_pickaxe":2,"minecraft:iron_helmet":1},"minecraft:killed":{"vampirism:vampire":2,"minecraft:witch":1,"vampirism:advanced_vampire":2,"minecraft:spider":1,"graveyard:wraith":23,"minecraft:skeleton":11,"minecraft:chicken":2,"alexsmobs:skelewag":1,"artifacts:mimic":2,"alexsmobs:seal":1,"minecraft:creeper":1,"minecraft:sheep":2,"alexsmobs:flutter":1,"minecraft:zombie":27,"graveyard:corrupted_pillager":25,"minecraft:cow":1,"chococraft:chocobo":1,"graveyard:corrupted_vindicator":7,"alexsmobs:blue_jay":1,"graveyard:ghoul":1,"alexsmobs:emu":1,"creeperoverhaul:savannah_creeper":1,"minecraft:enderman":1},"minecraft:dropped":{"minecraft:iron_sword":1,"minecraft:diamond_axe":1,"minecraft:crafting_table":1,"minecraft:golden_pickaxe":2,"minecraft:jungle_planks":1,"minecraft:rail":2,"minecraft:spruce_leaves":147,"minecraft:dirt":5,"minecraft:wooden_sword":1,"minecraft:iron_pickaxe":2,"minecraft:bone":2,"minecraft:cobbled_deepslate":139,"minecraft:wheat":1,"minecraft:rotten_flesh":24,"alexsmobs:emu_egg":1,"vampirism:hunter_axe_ultimate":1,"minecraft:iron_bars":1,"minecraft:arrow":5,"minecraft:beef":1,"minecraft:netherrack":1,"vampirism:item_garlic":2,"minecraft:iron_ingot":7,"minecraft:wheat_seeds":41,"scalinghealth:cursed_heart":1,"minecraft:cobblestone":67,"minecraft:lead":1,"minecraft:spruce_door":2,"minecraft:yellow_carpet":1,"tombstone:magic_scroll":1,"minecraft:melon_slice":1,"tombstone:grave_dust":1,"minecraft:fire_charge":1,"minecraft:iron_leggings":1,"biomesoplenty:glowshroom":2,"vampirism:ring":1,"minecraft:string":1,"minecraft:spruce_sapling":3,"minecraft:stone_sword":1,"vampirism:obi_belt":1,"minecraft:tuff":2,"minecraft:chicken":2,"minecraft:clay_ball":68,"vampirism:heart_striker_enhanced":3,"minecraft:flint_and_steel":1,"botania:pink_mushroom":1,"minecraft:diamond_sword":1,"minecraft:shield":1,"minecraft:yellow_bed":1,"minecraft:stone_pickaxe":1,"minecraft:wooden_pickaxe":1,"minecraft:raw_gold":1,"minecraft:cracked_deepslate_bricks":4},"minecraft:used":{"alexsmobs:emu_egg":1,"minecraft:iron_shovel":565,"minecraft:diamond_hoe":50,"vampirism:heart_striker_enhanced":1,"minecraft:chest":6,"minecraft:shield":80,"minecraft:iron_sword":249,"minecraft:rotten_flesh":2,"minecraft:iron_chestplate":2,"chococraft:chocobo_drumstick_cooked":1,"minecraft:cracked_deepslate_tiles":2,"minecraft:axolotl_bucket":2,"minecraft:snowball":1,"minecraft:iron_helmet":1,"minecraft:hay_block":1,"minecraft:furnace":5,"farmersdelight:safety_net":3,"minecraft:skeleton_skull":1,"minecraft:spruce_door":2,"minecraft:gray_carpet":6,"minecraft:stone_pickaxe":87,"minecraft:ender_pearl":1,"minecraft:wooden_pickaxe":15,"minecraft:diamond_axe":32,"blue_skies:turquoise_stonebrick":1,"minecraft:blast_furnace":1,"minecraft:shears":234,"minecraft:deepslate_tiles":6,"waystones:waystone":2,"minecraft:acacia_door":3,"minecraft:bread":9,"minecraft:melon_slice":121,"minecraft:diamond_sword":349,"tombstone:familiar_stone":3,"globalxp:xp_block":2,"graveyard:dark_iron_block":1,"minecraft:golden_pickaxe":4,"minecraft:experience_bottle":5,"minecraft:stone_sword":23,"minecraft:flint_and_steel":15,"minecraft:cracked_deepslate_bricks":2,"minecraft:torch":80,"minecraft:brewing_stand":1,"minecraft:dirt":476,"scalinghealth:heart_crystal":4,"minecraft:iron_boots":1,"minecraft:golden_carrot":12,"farmersdelight:cooking_pot":2,"tombstone:gift":5,"minecraft:cobbled_deepslate":42,"minecraft:enchanted_golden_apple":1,"minecraft:iron_leggings":1,"minecraft:cooked_mutton":2,"minecraft:acacia_boat":5,"minecraft:water_bucket":8,"minecraft:deepslate_bricks":1,"minecraft:crafting_table":18,"minecraft:magenta_bed":2,"tombstone:tablet_of_home":1,"minecraft:cake":1,"minecraft:smoker":1,"minecraft:iron_pickaxe":944,"minecraft:spruce_sapling":1,"minecraft:stone_axe":91,"minecraft:cobblestone":173,"minecraft:potion":1,"minecraft:bucket":11,"minecraft:pumpkin_pie":12,"minecraft:gray_wool":96}},"DataVersion":3120}