{"stats":{"minecraft:used":{"alexsmobs:emu_egg":1,"minecraft:iron_shovel":1067,"minecraft:chest":27,"vampirism:cursed_spruce_planks":8,"minecraft:diamond_hoe":801,"vampirism:heart_striker_enhanced":17,"minecraft:shield":103,"minecraft:iron_sword":249,"minecraft:rotten_flesh":2,"minecraft:iron_chestplate":2,"chococraft:chocobo_drumstick_cooked":1,"securitycraft:keypad_item":5,"minecraft:carrot":115,"minecraft:cracked_deepslate_tiles":2,"minecraft:axolotl_bucket":2,"minecraft:snowball":18,"vanillaplustools:iron_shovel":1007,"minecraft:lava_bucket":1,"minecraft:iron_helmet":1,"vampirism:dark_spruce_planks":1,"minecraft:bow":62,"minecraft:hay_block":1,"minecraft:furnace":15,"farmersdelight:safety_net":3,"minecraft:skeleton_skull":1,"minecraft:egg":1,"minecraft:potato":1,"minecraft:spruce_door":2,"minecraft:stone_pickaxe":87,"minecraft:gray_carpet":6,"minecraft:ender_pearl":10,"minecraft:wooden_pickaxe":15,"minecraft:diamond_axe":32,"blue_skies:turquoise_stonebrick":1,"minecraft:blast_furnace":18,"securitycraft:universal_block_remover":9,"minecraft:shears":1375,"minecraft:deepslate_tiles":6,"waystones:waystone":3,"minecraft:acacia_door":3,"minecraft:melon_slice":121,"minecraft:bread":9,"minecraft:stone_button":1,"minecraft:diamond_sword":1648,"tombstone:familiar_stone":3,"globalxp:xp_block":2,"vampirism:altar_cleansing":2,"minecraft:grindstone":2,"graveyard:dark_iron_block":1,"minecraft:golden_pickaxe":4,"minecraft:bone_meal":89,"minecraft:experience_bottle":5,"minecraft:enchanting_table":2,"minecraft:stone_sword":23,"minecraft:flint_and_steel":37,"minecraft:cracked_deepslate_bricks":3,"securitycraft:keypad_chest":7,"minecraft:spruce_planks":18,"minecraft:anvil":1,"minecraft:brewing_stand":1,"minecraft:torch":135,"minecraft:dirt":4936,"scalinghealth:heart_crystal":23,"minecraft:spruce_fence":24,"minecraft:chipped_anvil":2,"minecraft:bookshelf":15,"minecraft:iron_axe":247,"minecraft:iron_boots":1,"scalinghealth:power_crystal":2,"minecraft:golden_carrot":65,"farmersdelight:cooking_pot":2,"tombstone:gift":5,"minecraft:cobbled_deepslate":74,"minecraft:enchanted_golden_apple":1,"minecraft:iron_leggings":1,"minecraft:wheat_seeds":7,"minecraft:cooked_mutton":2,"minecraft:water_bucket":18,"minecraft:acacia_boat":5,"minecraft:stonecutter":2,"minecraft:deepslate_bricks":1,"minecraft:magenta_bed":4,"minecraft:crafting_table":28,"graveyard:soul_fire_brazier":1,"botania:light_blue_mystical_flower":1,"minecraft:spruce_log":17,"tombstone:tablet_of_home":2,"minecraft:cake":1,"minecraft:smoker":8,"tombstone:bag_of_seeds":2,"minecraft:diamond_pickaxe":396,"minecraft:iron_pickaxe":1013,"minecraft:spruce_sapling":8,"minecraft:stone_axe":91,"vampirism:cursed_spruce_log":1,"minecraft:cobblestone":235,"minecraft:potion":1,"vanillaplustools:iron_hammer":445,"minecraft:bucket":22,"minecraft:pumpkin_pie":12,"minecraft:gray_wool":105,"minecraft:jukebox":1},"minecraft:custom":{"minecraft:animals_bred":3,"minecraft:interact_with_crafting_table":120,"minecraft:open_barrel":62,"goblintraders:trade_with_goblin":137,"minecraft:leave_game":9,"minecraft:time_since_death":426473,"minecraft:damage_resisted":408,"minecraft:sprint_one_cm":2222515,"minecraft:damage_blocked_by_shield":3415,"minecraft:drop":235,"minecraft:talked_to_villager":1,"minecraft:play_time":1005697,"minecraft:deaths":4,"minecraft:jump":12017,"minecraft:walk_on_water_one_cm":80302,"minecraft:enchant_item":8,"minecraft:interact_with_furnace":40,"minecraft:traded_with_villager":1,"minecraft:interact_with_cartography_table":1,"minecraft:sleep_in_bed":10,"minecraft:waystone_activated":8,"tombstone:sneak_grave":1,"minecraft:damage_dealt":126639,"minecraft:crouch_one_cm":362091,"tombstone:undead_killed":204,"tombstone:villager_killed":1,"minecraft:interact_with_smoker":9,"minecraft:horse_one_cm":7940,"minecraft:interact_with_anvil":3,"minecraft:mob_kills":351,"minecraft:damage_dealt_resisted":6377,"minecraft:climb_one_cm":15137,"minecraft:walk_one_cm":3060094,"minecraft:sneak_time":105503,"minecraft:walk_under_water_one_cm":110985,"minecraft:boat_one_cm":419857,"minecraft:interact_with_lectern":1,"minecraft:interact_with_blast_furnace":13,"minecraft:total_world_time":1005697,"tombstone:raider_killed":9,"minecraft:interact_with_grindstone":4,"minecraft:interact_with_stonecutter":4,"minecraft:time_since_rest":1167,"minecraft:damage_taken":127779,"minecraft:damage_absorbed":131,"minecraft:trigger_trapped_chest":5,"minecraft:swim_one_cm":724852,"minecraft:fly_one_cm":2048595,"minecraft:open_chest":532,"minecraft:fall_one_cm":345313},"minecraft:broken":{"minecraft:iron_shovel":3,"vanillaplustools:iron_hammer":1,"minecraft:shears":6,"minecraft:iron_chestplate":3,"minecraft:iron_leggings":2,"minecraft:diamond_boots":1,"vanillaplustools:iron_shovel":4,"minecraft:iron_sword":1,"minecraft:diamond_sword":1,"minecraft:iron_axe":1,"minecraft:iron_pickaxe":3,"minecraft:iron_helmet":4},"minecraft:picked_up":{"chococraft:loverly_gysahl_green":1,"minecraft:wheat":25,"minecraft:flower_pot":1,"minecraft:anvil":1,"minecraft:lead":4,"minecraft:diamond_sword":1,"minecraft:brewing_stand":2,"minecraft:amethyst_block":10,"minecraft:music_disc_cat":1,"minecraft:string":35,"vampirism:dark_spruce_planks":1,"minecraft:experience_bottle":1,"vampirism:obi_belt":1,"minecraft:deepslate_tiles":6,"alexsmobs:emu_feather":1,"minecraft:cobbled_deepslate":358,"minecraft:spruce_planks":1,"minecraft:iron_pickaxe":1,"minecraft:melon_slice":124,"minecraft:furnace":6,"minecraft:stick":52,"minecraft:jukebox":1,"minecraft:polished_deepslate_stairs":1,"minecraft:torch":12,"minecraft:acacia_log":7,"minecraft:porkchop":5,"vampirism:holy_water_bottle_enhanced":1,"tombstone:grave_dust":33,"vampirism:vampire_fang":4,"graveyard:dark_iron_trapdoor":2,"minecraft:black_dye":2,"vampirism:blood_bottle":4,"minecraft:rotten_flesh":128,"botania:light_gray_mystical_flower":2,"vampirism:pure_blood_2":1,"minecraft:red_tulip":1,"alexsmobs:emu_egg":2,"minecraft:bookshelf":5,"chococraft:chocobo_drumstick_raw":4,"minecraft:deepslate_brick_stairs":1,"minecraft:obsidian":4,"minecraft:iron_bars":1,"minecraft:snowball":668,"minecraft:cobblestone":2958,"minecraft:enchanting_table":1,"minecraft:feather":6,"minecraft:repeater":1,"minecraft:andesite":1,"minecraft:potato":1,"biomesoplenty:glowshroom":2,"farmersdelight:safety_net":3,"minecraft:smoker":2,"alexsmobs:bison_fur":2,"minecraft:tuff":5,"minecraft:magenta_bed":4,"minecraft:acacia_boat":5,"minecraft:lapis_lazuli":69,"minecraft:dirt":7611,"minecraft:bone":48,"minecraft:chipped_anvil":2,"minecraft:stonecutter":1,"minecraft:wheat_seeds":107,"minecraft:raw_gold":92,"vampirism:pure_blood_1":3,"minecraft:grindstone":1,"minecraft:glowstone_dust":1,"minecraft:oak_planks":2,"biomesoplenty:clover":1,"vampirism:cursed_spruce_log":5,"minecraft:music_disc_13":1,"botania:yellow_double_flower":1,"vampirism:ring":2,"minecraft:jungle_planks":1,"minecraft:grass_block":2,"vampirism:pure_blood_0":3,"minecraft:bundle":4,"minecraft:sugar":2,"minecraft:yellow_carpet":1,"minecraft:diamond":6,"waystones:waystone":3,"minecraft:grass":2,"blue_skies:turquoise_stonebrick":1,"scalinghealth:cursed_heart":4,"minecraft:diamond_pickaxe":1,"minecraft:netherrack":1,"mca:bouquet":1,"minecraft:spruce_leaves":897,"minecraft:coarse_dirt":1,"minecraft:crafting_table":26,"minecraft:redstone_lamp":17,"minecraft:chicken":2,"minecraft:clay_ball":68,"minecraft:golden_pickaxe":1,"vampirism:heart_striker_enhanced":3,"minecraft:gold_block":2,"artifacts:power_glove":1,"graveyard:soul_fire_brazier":1,"minecraft:iron_shovel":3,"graveyard:corruption":42,"vampirism:cursed_earth":1,"minecraft:music_disc_otherside":1,"minecraft:beef":5,"minecraft:chest":1,"globalxp:xp_block":1,"minecraft:phantom_membrane":7,"minecraft:egg":5,"minecraft:raw_iron":158,"minecraft:stone":39,"minecraft:copper_ingot":7,"artifacts:vampiric_glove":1,"minecraft:stone_button":1,"botania:pink_mushroom":1,"minecraft:carrot":187,"minecraft:redstone":19,"alexsmobs:leafcutter_ant_pupa":1,"minecraft:tnt":1,"minecraft:arrow":41,"minecraft:pumpkin_pie":24,"minecraft:deepslate_bricks":4,"minecraft:hay_block":2,"minecraft:cracked_deepslate_bricks":8,"minecraft:saddle":1,"tombstone:essence_of_undeath":1,"minecraft:glow_berries":1,"minecraft:mutton":7,"minecraft:rail":4,"minecraft:skeleton_skull":2,"minecraft:white_wool":4,"minecraft:cracked_deepslate_tiles":3,"vampirism:vampire_blood_bottle":2,"minecraft:golden_carrot":33,"minecraft:leather":6,"alexsmobs:skreecher_soul":1,"securitycraft:keypad_chest":9,"scalinghealth:bandages":5,"minecraft:yellow_bed":1,"minecraft:gunpowder":1,"scalinghealth:heart_crystal":21,"scalinghealth:medkit":1,"biomesoplenty:glowing_moss_carpet":2,"botania:light_blue_mystical_flower":3,"cfm:stripped_oak_table":3,"chococraft:chocobo_feather":9,"chococraft:gysahl_green":14,"minecraft:apple":3,"minecraft:gray_carpet":12,"farmersdelight:cooking_pot":1,"biomesoplenty:glowworm_silk":1,"minecraft:spore_blossom":1,"minecraft:iron_ingot":3,"scalinghealth:power_crystal_shard":18,"tombstone:bag_of_seeds":2,"vampirism:altar_cleansing":1,"minecraft:book":193,"scalinghealth:heart_crystal_shard":69,"minecraft:gravel":1,"minecraft:amethyst_shard":8,"chococraft:gysahl_green_seeds":6,"minecraft:spruce_sapling":86,"minecraft:blast_furnace":17,"minecraft:spruce_log":271,"vampirism:hunter_axe_ultimate":1,"minecraft:spruce_door":2,"minecraft:spider_eye":3,"artifacts:helium_flamingo":1,"minecraft:gray_wool":107,"tombstone:magic_scroll":3,"vampirism:vampire_orchid":1,"botania:brown_mystical_flower":4,"minecraft:coal":308,"minecraft:hopper":8,"minecraft:ender_pearl":3},"minecraft:killed_by":{"minecraft:warden":2},"minecraft:mined":{"minecraft:large_amethyst_bud":2,"minecraft:spruce_planks":1,"biomesoplenty:glowshroom":1,"alexsmobs:leafcutter_anthill":1,"minecraft:sculk_vein":46,"minecraft:brewing_stand":1,"minecraft:obsidian":4,"minecraft:budding_amethyst":2,"minecraft:acacia_log":7,"minecraft:grass_block":3091,"minecraft:yellow_carpet":1,"graveyard:dark_iron_door":1,"minecraft:deepslate_bricks":17,"minecraft:hopper":8,"minecraft:spawner":6,"minecraft:sculk_catalyst":4,"minecraft:iron_ore":69,"minecraft:cobbled_deepslate":6,"minecraft:fire":14,"minecraft:anvil":1,"minecraft:deepslate_lapis_ore":10,"minecraft:enchanting_table":1,"minecraft:sculk_shrieker":10,"biomesoplenty:glowshroom_block":2,"chococraft:gysahl_green":6,"minecraft:dirt_path":1,"minecraft:iron_bars":3,"scalinghealth:deepslate_power_crystal_ore":1,"minecraft:small_amethyst_bud":1,"minecraft:deepslate_brick_stairs":1,"botania:brown_mystical_flower":1,"botania:light_blue_mystical_flower":1,"blue_skies:turquoise_stonebrick":1,"biomesoplenty:glowworm_silk":1,"biomesoplenty:glowing_moss_carpet":2,"graveyard:dark_iron_trapdoor":2,"minecraft:polished_deepslate_stairs":4,"minecraft:smoker":1,"minecraft:medium_amethyst_bud":1,"minecraft:soul_fire":2,"minecraft:amethyst_cluster":4,"minecraft:clay":4,"minecraft:torch":4,"minecraft:blast_furnace":18,"minecraft:melon":22,"minecraft:chest":1,"farmersdelight:safety_net":3,"minecraft:mushroom_stem":9,"minecraft:cobblestone":43,"graveyard:skeleton_hand":1,"minecraft:grindstone":1,"minecraft:oak_planks":15,"minecraft:wall_torch":5,"minecraft:amethyst_block":8,"minecraft:skeleton_skull":2,"minecraft:repeater":1,"vampirism:dark_spruce_leaves":1,"minecraft:magenta_bed":3,"minecraft:tnt":2,"biomesoplenty:clover":5,"minecraft:grass":34,"minecraft:cracked_deepslate_tiles":6,"minecraft:oak_log":1,"minecraft:dirt":4604,"minecraft:redstone_lamp":17,"minecraft:stonecutter":1,"minecraft:potted_red_tulip":1,"minecraft:netherrack":2,"minecraft:deepslate":300,"minecraft:deepslate_tiles":13,"minecraft:tuff":6,"cfm:stripped_oak_table":3,"minecraft:deepslate_diamond_ore":4,"minecraft:stone_button":1,"minecraft:jungle_planks":1,"graveyard:tg_deepslate":3,"vampirism:vampire_orchid":1,"minecraft:redstone_wire":5,"alexsmobs:leafcutter_ant_chamber":23,"minecraft:spruce_leaves":2081,"minecraft:moss_block":2,"minecraft:large_fern":1,"minecraft:hay_block":2,"graveyard:soul_fire_brazier":1,"minecraft:spruce_sapling":1,"minecraft:furnace":6,"minecraft:snow":174,"minecraft:andesite":2,"minecraft:gold_block":2,"minecraft:polished_deepslate":1,"minecraft:bookshelf":55,"minecraft:deepslate_iron_ore":91,"minecraft:rail":3,"minecraft:packed_ice":1,"minecraft:stone":2984,"farmersdelight:cooking_pot":1,"minecraft:acacia_leaves":2,"minecraft:glass_pane":1,"minecraft:soul_sand":1,"minecraft:snow_block":173,"minecraft:spruce_door":1,"vampirism:altar_cleansing":1,"vampirism:cursed_spruce_log":5,"minecraft:oak_fence":2,"minecraft:crafting_table":24,"graveyard:tg_rooted_dirt":1,"botania:pink_mushroom":1,"minecraft:sculk_sensor":53,"minecraft:lectern":1,"minecraft:tall_grass":3,"minecraft:deepslate_gold_ore":88,"minecraft:cracked_deepslate_bricks":12,"minecraft:sculk":672,"minecraft:diorite":48,"botania:pink_mystical_flower":2,"minecraft:gray_wool":116,"minecraft:coarse_dirt":14,"graveyard:vase_block":4,"globalxp:xp_block":1,"minecraft:spruce_log":247,"minecraft:yellow_bed":1,"minecraft:coal_ore":180,"minecraft:gravel":4,"graveyard:leaning_skeleton":1,"minecraft:gray_carpet":13,"minecraft:cobweb":19,"minecraft:chipped_anvil":2,"minecraft:gold_ore":4,"minecraft:fern":17},"minecraft:dropped":{"minecraft:iron_sword":1,"minecraft:diamond_axe":1,"minecraft:golden_pickaxe":2,"minecraft:crafting_table":1,"mca:bouquet":1,"minecraft:jungle_planks":1,"minecraft:rail":2,"alexsmobs:bison_fur":1,"minecraft:spruce_leaves":287,"artifacts:night_vision_goggles":1,"minecraft:dirt":256,"minecraft:grass":2,"minecraft:mutton":2,"minecraft:snowball":638,"minecraft:wooden_sword":1,"minecraft:bone_meal":13,"minecraft:iron_pickaxe":2,"minecraft:bone":5,"minecraft:cobbled_deepslate":139,"botania:brown_mystical_flower":4,"minecraft:wheat":1,"vampirism:holy_water_bottle_enhanced":1,"minecraft:rotten_flesh":88,"alexsmobs:emu_egg":1,"minecraft:carrot":31,"vampirism:hunter_axe_ultimate":1,"minecraft:iron_bars":1,"minecraft:arrow":5,"minecraft:beef":1,"minecraft:netherrack":1,"botania:light_gray_mystical_flower":2,"minecraft:egg":3,"vampirism:item_garlic":2,"minecraft:iron_ingot":7,"minecraft:black_dye":2,"minecraft:wheat_seeds":56,"biomesoplenty:clover":1,"scalinghealth:cursed_heart":1,"minecraft:bookshelf":5,"minecraft:feather":2,"minecraft:cobblestone":83,"minecraft:lead":1,"minecraft:book":49,"chococraft:gysahl_green_seeds":1,"minecraft:copper_ingot":7,"minecraft:spruce_door":2,"minecraft:coal":1,"minecraft:yellow_carpet":1,"minecraft:stick":2,"botania:light_blue_mystical_flower":1,"minecraft:gray_wool":2,"minecraft:golden_carrot":6,"tombstone:magic_scroll":1,"minecraft:repeater":1,"chococraft:chocobo_drumstick_raw":3,"minecraft:melon_slice":1,"vampirism:cursed_earth":1,"minecraft:fire_charge":1,"tombstone:grave_dust":1,"minecraft:iron_leggings":2,"minecraft:wither_rose":1,"biomesoplenty:glowshroom":2,"vampirism:ring":1,"minecraft:iron_shovel":3,"minecraft:string":23,"minecraft:spruce_sapling":55,"minecraft:stone_sword":1,"vampirism:obi_belt":1,"minecraft:tuff":2,"minecraft:chicken":2,"minecraft:clay_ball":68,"minecraft:iron_boots":1,"minecraft:stone_slab":1,"vampirism:heart_striker_enhanced":3,"minecraft:flint_and_steel":1,"botania:pink_mushroom":1,"minecraft:diamond_sword":1,"minecraft:shield":1,"minecraft:yellow_bed":1,"minecraft:spider_eye":2,"minecraft:stone_pickaxe":1,"minecraft:wooden_pickaxe":1,"minecraft:raw_gold":1,"minecraft:cracked_deepslate_bricks":4},"minecraft:killed":{"vampirism:vampire":15,"minecraft:witch":2,"vampirism:advanced_vampire":5,"minecraft:spider":18,"graveyard:wraith":31,"vampirism:blinding_bat":4,"minecraft:skeleton":32,"alexsmobs:leafcutter_ant":6,"minecraft:chicken":4,"vampirism:advanced_hunter":1,"alexsmobs:skelewag":1,"artifacts:mimic":3,"vampirism:vampire_baron":7,"alexsmobs:seal":1,"minecraft:creeper":4,"vampirism:hunter":2,"minecraft:sheep":2,"minecraft:trader_llama":1,"alexsmobs:flutter":1,"minecraft:zombie":112,"alexsmobs:toucan":1,"alexsmobs:fly":1,"graveyard:corrupted_pillager":27,"minecraft:cow":2,"chococraft:chocobo":3,"mca:female_zombie_villager":1,"mca:male_zombie_villager":1,"graveyard:corrupted_vindicator":8,"alexsmobs:raccoon":1,"minecraft:phantom":7,"creeperoverhaul:snowy_creeper":1,"alexsmobs:blue_jay":2,"alexsmobs:skreecher":1,"graveyard:ghoul":19,"minecraft:wandering_trader":1,"alexsmobs:emu":1,"alexsmobs:crow":1,"creeperoverhaul:savannah_creeper":1,"minecraft:enderman":8},"minecraft:crafted":{"minecraft:grindstone":1,"minecraft:smooth_stone":3,"globalxp:xp_block":1,"vampirism:altar_cleansing":1,"minecraft:stone":37,"securitycraft:keypad_item":5,"minecraft:bookshelf":15,"minecraft:heavy_weighted_pressure_plate":5,"minecraft:cooked_mutton":2,"minecraft:iron_bars":16,"farmersdelight:safety_net":1,"vanillaplustools:iron_hammer":2,"minecraft:bow":1,"minecraft:iron_boots":2,"minecraft:chest":26,"scalinghealth:power_crystal":2,"minecraft:smoker":6,"minecraft:crafting_table":5,"minecraft:spruce_planks":460,"minecraft:wooden_pickaxe":1,"minecraft:iron_helmet":4,"minecraft:spruce_door":3,"minecraft:gold_block":13,"minecraft:iron_chestplate":4,"minecraft:diamond_pickaxe":1,"minecraft:shield":2,"minecraft:stick":160,"minecraft:iron_ingot":400,"minecraft:iron_pickaxe":21,"minecraft:iron_block":23,"minecraft:stone_sword":1,"minecraft:acacia_door":3,"minecraft:gold_ingot":123,"minecraft:shears":7,"minecraft:golden_carrot":38,"minecraft:wooden_sword":1,"minecraft:coal":18,"chococraft:chocobo_drumstick_cooked":1,"vanillaplustools:iron_shovel":4,"vampirism:cursed_spruce_planks":16,"minecraft:furnace":16,"minecraft:stone_button":40,"minecraft:blast_furnace":1,"mca:bouquet":1,"minecraft:bone_meal":102,"minecraft:spruce_fence":24,"chococraft:chocobo_saddle_bags":1,"securitycraft:universal_block_remover":1,"minecraft:iron_axe":1,"minecraft:stone_pickaxe":1,"minecraft:diamond_boots":1,"minecraft:wheat":9,"minecraft:coal_block":40,"minecraft:diamond_sword":2,"minecraft:enchanting_table":1,"minecraft:iron_sword":1,"scalinghealth:heart_crystal":5,"minecraft:bucket":2,"minecraft:stone_axe":1,"minecraft:acacia_boat":1,"minecraft:bread":6,"minecraft:air":0,"minecraft:gold_nugget":306,"minecraft:iron_shovel":38,"minecraft:iron_leggings":3,"chococraft:chocobo_saddle":2,"minecraft:stonecutter":1,"minecraft:acacia_planks":28,"minecraft:torch":156}},"DataVersion":3120}