{"stats":{"minecraft:custom":{"minecraft:jump":242,"minecraft:open_chest":4,"minecraft:time_since_rest":9278,"minecraft:waystone_activated":1,"minecraft:leave_game":1,"minecraft:interact_with_furnace":1,"minecraft:sprint_one_cm":19370,"minecraft:play_time":9278,"minecraft:time_since_death":9278,"minecraft:walk_one_cm":17964,"minecraft:sneak_time":5,"minecraft:total_world_time":9278,"minecraft:interact_with_crafting_table":1,"minecraft:fall_one_cm":5347,"minecraft:fly_one_cm":42235}},"DataVersion":3120}