{"stats":{"minecraft:killed":{"vampirism:vampire":9,"vampirism:advanced_vampire":7,"minecraft:skeleton":9,"graveyard:acolyte":1,"vampirism:advanced_hunter":1,"minecraft:zombie":15,"minecraft:glow_squid":1,"graveyard:corrupted_vindicator":2,"graveyard:ghoul":2,"minecraft:enderman":1,"minecraft:spider":24,"graveyard:reaper":1,"artifacts:mimic":7,"minecraft:creeper":3,"vampirism:hunter":7,"graveyard:corrupted_pillager":1,"alexsmobs:bison":1,"alexsmobs:skreecher":1,"minecraft:squid":5},"minecraft:broken":{"minecraft:iron_boots":1,"minecraft:iron_chestplate":1,"minecraft:iron_leggings":1,"vanillaplustools:iron_shovel":1,"minecraft:diamond_pickaxe":2,"minecraft:iron_sword":1,"minecraft:wooden_pickaxe":1,"vanillaplustools:stone_hammer":3,"minecraft:iron_axe":1,"minecraft:iron_helmet":2,"vanillaplustools:stone_shovel":1,"minecraft:wooden_hoe":1,"minecraft:stone_pickaxe":3},"minecraft:killed_by":{"graveyard:acolyte":1,"minecraft:warden":1,"vampirism:hunter":1},"minecraft:mined":{"minecraft:white_bed":2,"graveyard:pedestal":3,"botania:red_mystical_flower":3,"minecraft:jungle_leaves":46,"graveyard:candle_holder":8,"minecraft:obsidian":4,"minecraft:granite":150,"botania:livingwood_log":18,"minecraft:jungle_log":24,"minecraft:coal_block":6,"minecraft:deepslate_bricks":7,"botania:light_gray_mystical_flower":2,"minecraft:spawner":4,"botania:purple_mystical_flower":1,"minecraft:cobbled_deepslate":498,"minecraft:sticky_piston":1,"minecraft:fire":19,"minecraft:moss_carpet":7,"minecraft:sculk_shrieker":9,"minecraft:cave_vines":5,"minecraft:dirt_path":4,"minecraft:quartz_slab":7,"scalinghealth:deepslate_power_crystal_ore":5,"minecraft:deepslate_brick_stairs":1,"botania:brown_mystical_flower":2,"botania:light_blue_mystical_flower":3,"minecraft:player_head":1,"minecraft:torch":26,"minecraft:melon":1,"minecraft:dead_bush":1,"minecraft:spruce_wall_sign":3,"minecraft:white_candle":2,"botania:black_mystical_flower":5,"minecraft:amethyst_block":6,"vampirism:castle_block_dark_brick":2,"minecraft:mud":156,"biomesoplenty:glowworm_silk_strand":1,"vampirism:dark_spruce_leaves":3,"minecraft:wheat":5,"minecraft:lilac":1,"minecraft:stone_brick_stairs":2,"minecraft:grass":156,"minecraft:smooth_basalt":93,"minecraft:deepslate":1826,"minecraft:deepslate_tiles":3,"vampirism:cursed_spruce_planks":34,"botania:red_mushroom":3,"minecraft:cobbled_deepslate_slab":2,"minecraft:spruce_fence":1,"minecraft:jungle_planks":41,"graveyard:tg_deepslate":2,"botania:cyan_double_flower":5,"minecraft:moss_block":75,"minecraft:andesite":153,"minecraft:big_dripleaf_stem":2,"minecraft:vine":4,"botania:yellow_mushroom":1,"vampirism:cursed_earth":5,"botania:lime_mystical_flower":2,"vampirism:altar_cleansing":4,"minecraft:observer":1,"vampirism:cursed_grass":2,"minecraft:cobbled_deepslate_wall":1,"vampirism:coffin_white":8,"minecraft:tall_grass":8,"minecraft:copper_ore":41,"minecraft:deepslate_gold_ore":47,"minecraft:cracked_deepslate_bricks":1,"minecraft:diorite":207,"minecraft:black_stained_glass":1,"graveyard:vase_block":1,"minecraft:spruce_log":7,"minecraft:birch_leaves":1,"botania:white_mystical_flower":1,"minecraft:gravel":116,"minecraft:dripstone_block":1,"botania:gray_mystical_flower":1,"minecraft:cobweb":4,"minecraft:spruce_fence_gate":2,"minecraft:stone_bricks":1,"minecraft:chipped_anvil":1,"minecraft:gold_ore":6,"minecraft:fern":205,"minecraft:spruce_planks":9,"biomesoplenty:glowshroom":3,"minecraft:cobbled_deepslate_stairs":7,"minecraft:jungle_slab":1,"minecraft:sculk_vein":9,"minecraft:brewing_stand":1,"minecraft:spruce_trapdoor":4,"minecraft:cave_vines_plant":7,"minecraft:grass_block":987,"graveyard:dark_iron_door":7,"minecraft:soul_soil":1,"botania:apothecary_default":2,"minecraft:sculk_catalyst":13,"biomesoplenty:orange_cosmos":3,"minecraft:iron_ore":133,"graveyard:leaning_wither_skeleton":1,"minecraft:azure_bluet":9,"chococraft:gysahl_green":12,"minecraft:iron_bars":21,"minecraft:azalea":3,"minecraft:clay":2,"vampirism:blood_grinder":1,"minecraft:calcite":10,"minecraft:poppy":7,"minecraft:cobblestone":73,"botania:blue_mystical_flower":4,"botania:light_gray_double_flower":1,"graveyard:lying_skeleton":1,"minecraft:oak_planks":1,"botania:blue_double_flower":4,"minecraft:wall_torch":10,"minecraft:seagrass":2,"botania:light_blue_buried_petals":2,"minecraft:stripped_oak_wood":1,"minecraft:tnt":2,"minecraft:cracked_deepslate_tiles":4,"biomesoplenty:clover":127,"minecraft:oak_log":22,"minecraft:sand":139,"minecraft:dirt":2656,"minecraft:crimson_planks":1,"minecraft:oak_leaves":319,"minecraft:diamond_ore":6,"minecraft:tuff":97,"scalinghealth:power_crystal_ore":1,"minecraft:deepslate_diamond_ore":42,"minecraft:candle":15,"botania:brown_double_flower":1,"vampirism:vampire_orchid":4,"minecraft:spruce_leaves":4,"vampirism:cursed_spruce_stairs":8,"minecraft:large_fern":1,"minecraft:spore_blossom":1,"minecraft:deepslate_brick_slab":2,"minecraft:furnace":7,"minecraft:gold_block":2,"minecraft:polished_deepslate":5,"minecraft:bookshelf":25,"minecraft:deepslate_iron_ore":40,"botania:livingrock":5,"minecraft:lantern":1,"botania:pure_daisy":1,"minecraft:stone":4764,"botania:light_blue_double_flower":2,"scalinghealth:heart_crystal_ore":1,"minecraft:flowering_azalea":2,"vampirism:cursed_spruce_log":164,"minecraft:crafting_table":4,"minecraft:sculk_sensor":33,"minecraft:lectern":2,"minecraft:deepslate_coal_ore":1,"biomesoplenty:sprout":18,"biomesoplenty:huge_clover_petal":64,"minecraft:lapis_ore":2,"botania:white_double_flower":3,"minecraft:sculk":17,"minecraft:spruce_stairs":1,"botania:pink_mystical_flower":1,"botania:cyan_mystical_flower":1,"biomesoplenty:mahogany_log":8,"minecraft:beehive":3,"minecraft:ice":2,"vampirism:cursed_roots":2,"minecraft:yellow_bed":1,"graveyard:dark_iron_bars":53,"minecraft:coal_ore":148,"minecraft:cocoa":1,"graveyard:leaning_skeleton":2,"minecraft:terracotta":51},"minecraft:used":{"minecraft:moss_block":61,"botania:white_petal":5,"minecraft:spruce_slab":6,"minecraft:poppy":5,"botania:light_blue_petal":6,"vampirism:altar_infusion":3,"minecraft:chest":5,"minecraft:stone":40,"vampirism:blood_container":3,"minecraft:rotten_flesh":6,"minecraft:lily_of_the_valley":4,"minecraft:cracked_deepslate_tiles":1,"minecraft:deepslate_brick_slab":2,"botania:black_petal":2,"minecraft:lava_bucket":82,"minecraft:grass_block":463,"botania:cyan_double_flower":2,"minecraft:stone_brick_stairs":223,"botania:cyan_mystical_flower":1,"minecraft:red_stained_glass_pane":25,"minecraft:furnace":7,"minecraft:egg":6,"minecraft:emerald_ore":1,"minecraft:wooden_pickaxe":59,"graveyard:dark_iron_bars":9,"minecraft:oak_leaves":2,"vampirism:cursed_spruce_stairs":24,"minecraft:deepslate_brick_stairs":1,"minecraft:deepslate_tiles":2,"minecraft:lectern":2,"minecraft:spore_blossom":1,"graveyard:dark_iron_door":7,"botania:pure_daisy":2,"vampirism:altar_cleansing":3,"minecraft:birch_log":3,"minecraft:oak_trapdoor":8,"minecraft:enchanting_table":1,"vampirism:heart_seeker_enhanced":166,"minecraft:stone_sword":16,"vanillaplustools:stone_hammer":343,"minecraft:torch":64,"minecraft:brewing_stand":1,"minecraft:flowering_azalea":2,"minecraft:chipped_anvil":1,"botania:red_petal":2,"minecraft:iron_axe":145,"minecraft:smooth_basalt":75,"botania:mana_pool":1,"tombstone:gift":8,"botania:light_gray_double_flower":1,"minecraft:cobbled_deepslate":2332,"botania:purple_petal":2,"minecraft:wheat_seeds":66,"minecraft:water_bucket":38,"vampirism:altar_inspiration":1,"minecraft:dirt_path":310,"botania:endoflame":1,"botania:mana_spreader":1,"vampirism:blood_grinder":2,"biomesoplenty:mahogany_log":2,"minecraft:crafting_table":6,"vanillaplustools:stone_shovel":230,"minecraft:white_bed":3,"botania:apothecary_default":3,"minecraft:oak_log":31,"minecraft:mud":141,"botania:light_blue_double_flower":1,"minecraft:diamond_pickaxe":6328,"minecraft:cornflower":3,"minecraft:oxeye_daisy":1,"chococraft:gysahl_green_seeds":2,"tombstone:magic_scroll":1,"vampirism:altar_tip":4,"minecraft:chiseled_stone_bricks":77,"minecraft:cobblestone":709,"minecraft:porkchop":3,"minecraft:dandelion":6,"minecraft:candle":41,"minecraft:moss_carpet":1,"vampirism:cursed_spruce_planks":654,"vampirism:heart_striker_enhanced":63,"minecraft:white_terracotta":10,"minecraft:iron_sword":50,"graveyard:pedestal":3,"minecraft:iron_chestplate":1,"chococraft:chocobo_drumstick_cooked":1,"vampirism:coffin_white":9,"minecraft:jungle_planks":56,"minecraft:carrot":56,"minecraft:beehive":2,"minecraft:axolotl_bucket":1,"vanillaplustools:iron_shovel":208,"minecraft:quartz_slab":2,"minecraft:lantern":30,"minecraft:blue_orchid":4,"minecraft:iron_helmet":2,"minecraft:stone_bricks":313,"minecraft:written_book":1,"botania:brown_petal":2,"blue_skies:pyrope_sword":7,"minecraft:birch_leaves":5,"minecraft:stone_pickaxe":436,"minecraft:oak_planks":8,"minecraft:sugar_cane":10,"vampirism:heart_seeker_normal":267,"minecraft:stone_brick_wall":74,"minecraft:cobbled_deepslate_stairs":49,"waystones:waystone":1,"minecraft:bread":27,"minecraft:melon_slice":6,"vampirism:altar_pillar":12,"botania:blue_petal":3,"minecraft:andesite":21,"minecraft:chain":7,"chococraft:gysahl_green":10,"minecraft:bone_meal":76,"botania:hydroangeas":2,"biomesoplenty:mahogany_planks":12,"graveyard:candle_holder":8,"minecraft:flint_and_steel":23,"minecraft:stone_shovel":37,"minecraft:spruce_planks":380,"farmersdelight:rich_soil":1,"minecraft:stone_hoe":47,"minecraft:oak_door":1,"minecraft:dirt":2667,"scalinghealth:heart_crystal":4,"botania:twig_wand":58,"botania:light_gray_petal":2,"minecraft:spruce_fence":1,"minecraft:stone_brick_slab":307,"minecraft:red_tulip":3,"minecraft:bookshelf":1,"minecraft:iron_boots":1,"minecraft:cooked_beef":8,"minecraft:iron_leggings":2,"blue_skies:horizonite_sword":42,"scalinghealth:chance_heart":1,"botania:blue_double_flower":3,"minecraft:wooden_hoe":45,"minecraft:cobbled_deepslate_slab":2,"minecraft:bucket":49,"botania:cyan_petal":5,"mining_helmet:mining_helmet":1,"alexsmobs:animal_dictionary":2},"minecraft:dropped":{"minecraft:porkchop":4,"minecraft:lapis_lazuli":11,"minecraft:cooked_beef":1,"minecraft:glow_ink_sac":2,"vampirism:human_heart":2,"botania:red_mystical_flower":2,"vampirism:castle_block_dark_brick_bloody":1,"minecraft:glass_bottle":11,"biomesoplenty:mahogany_planks":48,"minecraft:rail":2,"minecraft:dirt":679,"minecraft:jungle_sapling":1,"minecraft:bone_meal":7,"minecraft:sand":41,"scalinghealth:chance_heart":1,"minecraft:iron_pickaxe":1,"minecraft:bone":6,"botania:white_mushroom":1,"minecraft:sugar_cane":20,"vanillaplustools:stone_shovel":2,"minecraft:cobbled_deepslate":193,"minecraft:wheat":56,"minecraft:rotten_flesh":14,"vampirism:altar_cleansing":1,"minecraft:oak_planks":11,"minecraft:azure_bluet":16,"alexsmobs:leafcutter_ant_pupa":1,"vampirism:vampire_blood_bottle":2,"vampirism:vampire_fang":1,"minecraft:jungle_log":1,"artifacts:panic_necklace":1,"biomesoplenty:mahogany_sapling":7,"minecraft:stone_brick_stairs":1,"botania:brown_petal":2,"minecraft:egg":3,"vampirism:item_garlic":5,"farmersdelight:tomato_seeds":5,"minecraft:iron_ingot":34,"minecraft:black_dye":15,"minecraft:wheat_seeds":232,"minecraft:cobbled_deepslate_stairs":2,"minecraft:iron_helmet":7,"minecraft:cobblestone":1981,"minecraft:book":14,"chococraft:gysahl_green_seeds":14,"minecraft:granite":63,"minecraft:coal":91,"minecraft:coal_block":6,"minecraft:jungle_slab":1,"minecraft:wooden_hoe":1,"vampirism:cursed_earth":6,"minecraft:mud":5,"minecraft:string":22,"minecraft:spruce_sapling":1,"minecraft:stone_sword":1,"minecraft:iron_boots":4,"minecraft:spruce_fence":1,"minecraft:shears":1,"minecraft:big_dripleaf":5,"minecraft:potato":8,"minecraft:cobblestone_slab":6,"minecraft:stone":2,"minecraft:allium":1,"minecraft:spruce_planks":1,"minecraft:diamond_pickaxe":9,"minecraft:yellow_bed":1,"vampirism:crossbow_arrow_normal":18,"minecraft:stone_bricks":1,"minecraft:spider_eye":10,"scalinghealth:bandages":1,"graveyard:dark_iron_bars":10,"botania:blue_petal":6,"artifacts:fire_gauntlet":1,"minecraft:spruce_sign":5,"minecraft:candle":2,"minecraft:oak_log":6,"minecraft:dark_oak_sapling":1,"botania:cyan_petal":35,"mca:bouquet":1,"minecraft:leather":6,"minecraft:jungle_planks":151,"biomesoplenty:orange_cosmos":2,"alexsmobs:bison_fur":1,"minecraft:music_disc_13":1,"minecraft:flint":1,"minecraft:snowball":11,"botania:white_petal":4,"minecraft:gravel":8,"vampirism:blood_bottle":3,"minecraft:white_candle":5,"minecraft:diamond_shovel":1,"mining_helmet:mining_helmet":1,"minecraft:beehive":1,"minecraft:carrot":33,"minecraft:poppy":1,"minecraft:gunpowder":11,"artifacts:helium_flamingo":1,"minecraft:stone_brick_wall":2,"minecraft:azalea":4,"vanillaplustools:stone_hammer":1,"minecraft:arrow":9,"minecraft:water_bucket":2,"minecraft:stone_hoe":2,"biomesoplenty:mahogany_log":47,"minecraft:bread":33,"minecraft:lilac":1,"botania:red_petal":1,"minecraft:lead":1,"vanillaplustools:iron_shovel":1,"minecraft:spruce_stairs":1,"minecraft:grass_block":1,"scalinghealth:power_crystal":1,"minecraft:stick":46,"scalinghealth:medkit":1,"minecraft:spruce_fence_gate":1,"minecraft:milk_bucket":1,"minecraft:diorite":25,"scalinghealth:heart_crystal":1,"minecraft:torch":13,"tombstone:grave_dust":3,"minecraft:iron_leggings":1,"minecraft:tripwire_hook":17,"minecraft:bucket":1,"minecraft:smooth_basalt":14,"minecraft:redstone":4,"minecraft:polished_deepslate":3,"minecraft:brown_dye":4,"vampirism:heart_seeker_normal":1,"minecraft:oak_trapdoor":2,"botania:light_gray_petal":1,"chococraft:chocobo_feather":3,"minecraft:tuff":28,"minecraft:raw_iron":73,"botania:overgrowth_seed":1,"minecraft:dirt_path":1,"minecraft:iron_chestplate":3,"minecraft:andesite":40,"minecraft:oak_sapling":19,"artifacts:pocket_piston":1,"minecraft:spruce_log":6,"minecraft:wooden_pickaxe":1,"minecraft:stone_pickaxe":2,"minecraft:calcite":2},"minecraft:picked_up":{"minecraft:iron_chestplate":3,"minecraft:lead":2,"minecraft:wither_rose":1,"minecraft:brewing_stand":1,"botania:light_blue_double_flower":2,"minecraft:polished_deepslate":3,"vampirism:holy_water_bottle_normal":2,"minecraft:string":42,"minecraft:soul_soil":1,"botania:light_gray_double_flower":1,"vampirism:cursed_spruce_planks":34,"vanillaplustools:stone_shovel":2,"minecraft:cobbled_deepslate":2277,"minecraft:spruce_planks":278,"minecraft:written_book":1,"botania:hydroangeas":2,"minecraft:melon_slice":6,"minecraft:coal_block":6,"minecraft:beehive":3,"minecraft:big_dripleaf":5,"vanillaplustools:iron_shovel":2,"minecraft:black_dye":2,"botania:white_mystical_flower":1,"vampirism:blood_bottle":4,"minecraft:stone_sword":1,"botania:livingrock":5,"farmersdelight:onion":5,"vampirism:blood_grinder":1,"botania:livingwood_log":19,"botania:blue_double_flower":4,"minecraft:iron_bars":21,"minecraft:snowball":11,"minecraft:cooked_beef":1,"minecraft:water_bucket":1,"minecraft:jungle_log":47,"alexsmobs:bison_fur":1,"minecraft:flint":1,"artifacts:flippers":1,"minecraft:lantern":2,"botania:white_double_flower":3,"minecraft:chipped_anvil":1,"minecraft:moss_block":66,"biomesoplenty:mahogany_planks":64,"botania:red_mystical_flower":5,"vampirism:cursed_spruce_log":164,"minecraft:ink_sac":9,"minecraft:bundle":2,"graveyard:oak_coffin":1,"minecraft:white_candle":5,"minecraft:granite":59,"minecraft:bread":90,"minecraft:crafting_table":4,"minecraft:diamond_pickaxe":5,"minecraft:mud":151,"botania:endoflame":1,"vampirism:cursed_earth":6,"botania:pure_daisy":2,"minecraft:beef":13,"minecraft:jungle_sapling":1,"minecraft:poppy":9,"minecraft:birch_sapling":1,"minecraft:egg":11,"minecraft:spruce_fence":2,"graveyard:dark_iron_bars":48,"minecraft:carrot":173,"minecraft:peony":1,"botania:apothecary_default":2,"minecraft:deepslate_bricks":4,"botania:blue_mystical_flower":5,"minecraft:gold_ingot":2,"artifacts:pocket_piston":1,"minecraft:glow_berries":6,"minecraft:rail":2,"minecraft:emerald_ore":2,"minecraft:oxeye_daisy":2,"botania:light_blue_petal":2,"vampirism:vampire_blood_bottle":4,"minecraft:tripwire_hook":17,"alexsmobs:skreecher_soul":1,"minecraft:oak_log":28,"scalinghealth:bandages":1,"botania:red_mushroom":3,"scalinghealth:medkit":3,"tombstone:gift":1,"chococraft:chocobo_feather":5,"chococraft:gysahl_green":23,"minecraft:stone_bricks":2,"minecraft:spore_blossom":1,"minecraft:stone_pickaxe":2,"minecraft:cobweb":3,"scalinghealth:power_crystal_shard":6,"minecraft:glass_bottle":7,"minecraft:iron_sword":1,"botania:cyan_petal":14,"minecraft:flowering_azalea":2,"minecraft:smooth_basalt":101,"minecraft:gravel":7,"minecraft:spruce_sapling":1,"minecraft:spruce_log":14,"biomesoplenty:mahogany_log":106,"vampirism:blood_container":2,"minecraft:gray_wool":32,"vampirism:vampire_orchid":5,"botania:brown_mystical_flower":1,"minecraft:ender_pearl":1,"vampirism:coffin_white":8,"minecraft:wheat":160,"minecraft:stone_brick_stairs":1,"vampirism:cursed_spruce_stairs":8,"minecraft:raw_copper":107,"graveyard:candle_holder":8,"minecraft:iron_leggings":1,"minecraft:sticky_piston":1,"minecraft:deepslate_tiles":2,"minecraft:bucket":3,"vampirism:heart_seeker_normal":1,"minecraft:azalea":4,"minecraft:calcite":2,"minecraft:iron_pickaxe":1,"vampirism:crossbow_arrow_normal":12,"minecraft:furnace":7,"minecraft:iron_boots":2,"minecraft:stick":29,"botania:cyan_double_flower":5,"minecraft:torch":49,"minecraft:spruce_stairs":1,"minecraft:porkchop":8,"minecraft:diorite":25,"tombstone:grave_dust":2,"vampirism:vampire_fang":2,"minecraft:rotten_flesh":27,"botania:light_gray_mystical_flower":2,"biomesoplenty:mahogany_sapling":11,"chococraft:chocobo_drumstick_raw":1,"artifacts:panic_necklace":1,"minecraft:deepslate_brick_stairs":1,"minecraft:obsidian":4,"biomesoplenty:orange_cosmos":3,"minecraft:cobblestone":2496,"vampirism:vampire_book":2,"minecraft:lilac":1,"minecraft:andesite":61,"biomesoplenty:glowshroom":3,"minecraft:potato":8,"minecraft:tuff":69,"graveyard:dark_iron_door":7,"artifacts:flame_pendant":1,"minecraft:dirt":2561,"minecraft:lapis_lazuli":11,"minecraft:bone":28,"minecraft:glass":4,"botania:cyan_mystical_flower":1,"botania:purple_mystical_flower":1,"botania:pink_mystical_flower":2,"minecraft:cobbled_deepslate_wall":1,"minecraft:wheat_seeds":361,"minecraft:raw_gold":53,"minecraft:deepslate_brick_slab":2,"vampirism:pure_blood_1":1,"minecraft:cobbled_deepslate_slab":2,"minecraft:bell":1,"vampirism:item_garlic":5,"botania:gray_mystical_flower":1,"minecraft:stone_hoe":1,"minecraft:oak_planks":1,"botania:blue_petal":2,"minecraft:jungle_planks":149,"minecraft:sand":122,"minecraft:grass_block":1,"minecraft:jungle_slab":1,"vampirism:pure_blood_0":1,"minecraft:spruce_fence_gate":1,"minecraft:diamond":48,"artifacts:golden_hook":1,"minecraft:bone_meal":29,"minecraft:spruce_sign":5,"minecraft:oak_sapling":19,"mca:bouquet":1,"minecraft:allium":1,"minecraft:cocoa_beans":12,"minecraft:azure_bluet":16,"botania:brown_double_flower":1,"botania:white_mushroom":1,"minecraft:stone_brick_wall":1,"minecraft:gold_block":2,"minecraft:oak_trapdoor":2,"minecraft:moss_carpet":11,"minecraft:iron_axe":1,"minecraft:quartz_slab":14,"artifacts:fire_gauntlet":1,"graveyard:corruption":4,"minecraft:candle":43,"scalinghealth:chance_heart":2,"minecraft:player_head":1,"minecraft:observer":1,"minecraft:lectern":2,"minecraft:sugar_cane":20,"minecraft:raw_iron":160,"vampirism:castle_block_dark_brick_bloody":1,"alexsmobs:leafcutter_ant_pupa":1,"minecraft:brown_dye":2,"minecraft:arrow":16,"botania:lime_mystical_flower":2,"scalinghealth:power_crystal":1,"minecraft:cracked_deepslate_tiles":1,"minecraft:glow_ink_sac":2,"minecraft:leather":2,"minecraft:yellow_bed":1,"minecraft:cobbled_deepslate_stairs":7,"minecraft:gunpowder":2,"scalinghealth:heart_crystal":4,"minecraft:wooden_hoe":1,"botania:light_blue_mystical_flower":3,"botania:black_mystical_flower":5,"vampirism:human_heart":7,"vampirism:altar_cleansing":4,"minecraft:book":68,"graveyard:pedestal":3,"minecraft:dandelion":1,"chococraft:gysahl_green_seeds":16,"minecraft:white_bed":2,"vampirism:altar_infusion":2,"minecraft:spider_eye":16,"artifacts:helium_flamingo":3,"minecraft:iron_helmet":6,"vanillaplustools:stone_hammer":3,"minecraft:terracotta":50,"tombstone:magic_scroll":1,"minecraft:coal":141},"minecraft:crafted":{"minecraft:red_stained_glass_pane":40,"minecraft:black_dye":13,"botania:purple_petal":2,"botania:mana_pool":1,"minecraft:bookshelf":1,"botania:red_petal":6,"minecraft:glass":66,"botania:twig_wand":2,"vanillaplustools:stone_shovel":1,"minecraft:chiseled_quartz_block":1,"botania:light_gray_petal":4,"minecraft:glass_bottle":3,"botania:livingwood_twig":6,"mining_helmet:mining_helmet":1,"minecraft:wooden_hoe":1,"minecraft:iron_block":4,"minecraft:gold_ingot":84,"vampirism:altar_tip":4,"minecraft:stone_shovel":9,"vanillaplustools:stone_hammer":1,"vampirism:cursed_spruce_stairs":16,"botania:blue_petal":10,"minecraft:bone_meal":84,"botania:black_petal":6,"botania:white_petal":14,"minecraft:spruce_slab":6,"minecraft:stone_pickaxe":12,"minecraft:cobbled_deepslate_stairs":44,"botania:light_blue_petal":4,"minecraft:dark_oak_planks":4,"minecraft:enchanting_table":1,"botania:mana_spreader":1,"botania:lexicon":1,"vampirism:blood_infused_iron_ingot":3,"vampirism:heart_seeker_normal":1,"minecraft:iron_leggings":2,"minecraft:white_bed":1,"minecraft:oak_planks":56,"minecraft:cobblestone_slab":6,"securitycraft:wire_cutters":1,"minecraft:stone":96,"minecraft:hopper":1,"minecraft:iron_boots":2,"vampirism:altar_inspiration":1,"minecraft:chest":6,"vampirism:blood_grinder":1,"minecraft:stone_hoe":1,"minecraft:stone_bricks":72,"botania:cyan_petal":12,"minecraft:crafting_table":2,"minecraft:spruce_planks":32,"minecraft:wooden_pickaxe":2,"minecraft:iron_helmet":2,"minecraft:brown_dye":2,"minecraft:gold_block":9,"minecraft:iron_chestplate":2,"minecraft:diamond_pickaxe":3,"minecraft:stick":60,"minecraft:iron_ingot":125,"vampirism:coffin_white":1,"botania:apothecary_default":1,"minecraft:shears":2,"botania:brown_petal":6,"chococraft:chocobo_drumstick_cooked":1,"biomesoplenty:mahogany_planks":36,"vampirism:cursed_spruce_planks":656,"minecraft:flint_and_steel":1,"minecraft:glass_pane":64,"vampirism:altar_infusion":1,"minecraft:cooked_beef":8,"minecraft:red_dye":5,"minecraft:bucket":2,"minecraft:air":0,"minecraft:jungle_planks":172,"vampirism:altar_pillar":12,"minecraft:white_wool":6,"vampirism:blood_container":3,"minecraft:torch":28},"minecraft:custom":{"minecraft:interact_with_crafting_table":155,"minecraft:open_barrel":68,"goblintraders:trade_with_goblin":58,"minecraft:bell_ring":4,"minecraft:eat_cake_slice":2,"minecraft:leave_game":13,"minecraft:time_since_death":94195,"minecraft:play_time":1864698,"minecraft:deaths":13,"minecraft:jump":32973,"minecraft:interact_with_furnace":132,"minecraft:interact_with_cartography_table":1,"minecraft:sleep_in_bed":99,"minecraft:waystone_activated":5,"minecraft:damage_dealt":42609,"tombstone:undead_killed":26,"minecraft:interact_with_smoker":1,"minecraft:inspect_dispenser":2,"minecraft:horse_one_cm":13044,"minecraft:interact_with_smithing_table":1,"minecraft:sneak_time":88707,"minecraft:total_world_time":1864698,"vampirism:win_village_capture":1,"tombstone:raider_killed":2,"minecraft:time_since_rest":93364,"minecraft:swim_one_cm":2402603,"minecraft:fly_one_cm":9574186,"minecraft:open_chest":303,"minecraft:fall_one_cm":921645,"minecraft:animals_bred":26,"minecraft:damage_resisted":151,"minecraft:sprint_one_cm":5467084,"minecraft:drop":500,"minecraft:talked_to_villager":5,"minecraft:walk_on_water_one_cm":98223,"minecraft:player_kills":2,"minecraft:crouch_one_cm":369919,"minecraft:mob_kills":114,"minecraft:damage_dealt_resisted":1714,"minecraft:climb_one_cm":19211,"minecraft:walk_one_cm":5263187,"minecraft:walk_under_water_one_cm":293509,"minecraft:interact_with_grindstone":1,"minecraft:damage_taken":75426,"minecraft:trigger_trapped_chest":5,"vampirism:defend_village":1}},"DataVersion":3120}