{"stats":{"minecraft:crafted":{"minecraft:black_dye":2,"minecraft:oak_planks":52,"botania:purple_petal":2,"securitycraft:wire_cutters":1,"minecraft:stone":72,"minecraft:glass":11,"minecraft:hopper":1,"minecraft:iron_boots":1,"vampirism:altar_inspiration":1,"minecraft:chest":3,"vampirism:blood_grinder":1,"vanillaplustools:stone_shovel":1,"minecraft:stone_hoe":1,"minecraft:stone_bricks":72,"minecraft:glass_bottle":3,"minecraft:crafting_table":2,"minecraft:spruce_planks":32,"minecraft:wooden_pickaxe":2,"minecraft:iron_helmet":2,"minecraft:brown_dye":2,"minecraft:wooden_hoe":1,"minecraft:iron_chestplate":1,"mining_helmet:mining_helmet":1,"minecraft:stick":52,"minecraft:iron_ingot":106,"vampirism:coffin_white":1,"minecraft:iron_block":4,"minecraft:shears":1,"botania:brown_petal":2,"vampirism:altar_tip":4,"minecraft:stone_shovel":9,"vanillaplustools:stone_hammer":1,"chococraft:chocobo_drumstick_cooked":1,"vampirism:cursed_spruce_stairs":8,"vampirism:cursed_spruce_planks":656,"minecraft:bone_meal":30,"botania:black_petal":4,"vampirism:altar_infusion":1,"minecraft:spruce_slab":6,"minecraft:stone_pickaxe":12,"botania:light_blue_petal":4,"minecraft:dark_oak_planks":4,"minecraft:cooked_beef":8,"minecraft:bucket":2,"minecraft:air":0,"minecraft:jungle_planks":88,"vampirism:altar_pillar":12,"vampirism:blood_infused_iron_ingot":3,"minecraft:white_wool":6,"vampirism:heart_seeker_normal":1,"minecraft:iron_leggings":1,"minecraft:white_bed":1,"vampirism:blood_container":3,"minecraft:torch":28},"minecraft:custom":{"minecraft:animals_bred":13,"minecraft:interact_with_crafting_table":96,"minecraft:open_barrel":29,"goblintraders:trade_with_goblin":30,"minecraft:bell_ring":4,"minecraft:eat_cake_slice":2,"minecraft:leave_game":10,"minecraft:time_since_death":64838,"minecraft:damage_resisted":31,"minecraft:sprint_one_cm":3197334,"minecraft:drop":270,"minecraft:talked_to_villager":3,"minecraft:play_time":1066778,"minecraft:deaths":8,"minecraft:jump":22578,"minecraft:walk_on_water_one_cm":66144,"minecraft:interact_with_furnace":97,"minecraft:sleep_in_bed":70,"minecraft:waystone_activated":5,"minecraft:damage_dealt":23603,"minecraft:player_kills":2,"minecraft:crouch_one_cm":47299,"tombstone:undead_killed":17,"minecraft:interact_with_smoker":1,"minecraft:horse_one_cm":13044,"minecraft:interact_with_smithing_table":1,"minecraft:mob_kills":67,"minecraft:damage_dealt_resisted":692,"minecraft:climb_one_cm":8773,"minecraft:walk_one_cm":3447633,"minecraft:sneak_time":13650,"minecraft:walk_under_water_one_cm":62744,"minecraft:total_world_time":1066778,"vampirism:win_village_capture":1,"tombstone:raider_killed":2,"minecraft:time_since_rest":706,"minecraft:damage_taken":35317,"minecraft:trigger_trapped_chest":2,"minecraft:swim_one_cm":261417,"minecraft:fly_one_cm":6377828,"minecraft:open_chest":104,"vampirism:defend_village":1,"minecraft:fall_one_cm":573158},"minecraft:mined":{"minecraft:spruce_planks":6,"minecraft:jungle_leaves":46,"minecraft:obsidian":4,"minecraft:spruce_trapdoor":4,"minecraft:granite":63,"minecraft:grass_block":830,"minecraft:jungle_log":24,"botania:purple_mystical_flower":1,"minecraft:iron_ore":131,"minecraft:cobbled_deepslate":119,"minecraft:fire":19,"minecraft:azure_bluet":9,"chococraft:gysahl_green":12,"minecraft:dirt_path":4,"scalinghealth:deepslate_power_crystal_ore":5,"botania:brown_mystical_flower":1,"minecraft:player_head":1,"minecraft:clay":2,"minecraft:torch":22,"vampirism:blood_grinder":1,"minecraft:calcite":1,"minecraft:melon":1,"minecraft:spruce_wall_sign":3,"minecraft:cobblestone":56,"graveyard:lying_skeleton":1,"minecraft:wall_torch":6,"botania:black_mystical_flower":2,"minecraft:seagrass":2,"botania:light_blue_buried_petals":2,"minecraft:mud":70,"vampirism:dark_spruce_leaves":3,"minecraft:wheat":5,"minecraft:lilac":1,"minecraft:grass":150,"biomesoplenty:clover":122,"minecraft:oak_log":13,"minecraft:sand":54,"minecraft:dirt":566,"minecraft:smooth_basalt":45,"vampirism:cursed_spruce_planks":3,"minecraft:oak_leaves":314,"minecraft:deepslate":297,"minecraft:tuff":14,"scalinghealth:power_crystal_ore":1,"minecraft:deepslate_diamond_ore":17,"minecraft:spruce_fence":1,"minecraft:jungle_planks":28,"vampirism:vampire_orchid":4,"minecraft:spruce_leaves":2,"minecraft:large_fern":1,"minecraft:andesite":81,"minecraft:big_dripleaf_stem":2,"minecraft:deepslate_iron_ore":40,"minecraft:vine":4,"minecraft:lantern":1,"botania:yellow_mushroom":1,"botania:light_blue_double_flower":2,"minecraft:stone":2687,"vampirism:cursed_earth":5,"vampirism:cursed_spruce_log":164,"vampirism:altar_cleansing":3,"vampirism:cursed_grass":2,"minecraft:crafting_table":2,"vampirism:coffin_white":3,"minecraft:deepslate_gold_ore":11,"minecraft:tall_grass":3,"minecraft:copper_ore":40,"minecraft:deepslate_coal_ore":1,"biomesoplenty:sprout":16,"biomesoplenty:huge_clover_petal":64,"minecraft:lapis_ore":2,"minecraft:diorite":109,"minecraft:spruce_stairs":1,"biomesoplenty:mahogany_log":8,"minecraft:beehive":3,"minecraft:ice":2,"minecraft:spruce_log":7,"minecraft:birch_leaves":1,"vampirism:cursed_roots":2,"minecraft:yellow_bed":1,"minecraft:coal_ore":127,"minecraft:gravel":104,"graveyard:leaning_skeleton":1,"minecraft:terracotta":51,"minecraft:spruce_fence_gate":2,"minecraft:chipped_anvil":1,"minecraft:fern":194},"minecraft:killed_by":{"vampirism:hunter":1},"minecraft:killed":{"vampirism:vampire":5,"vampirism:advanced_vampire":4,"minecraft:spider":16,"minecraft:skeleton":4,"vampirism:advanced_hunter":1,"artifacts:mimic":3,"minecraft:creeper":3,"vampirism:hunter":6,"minecraft:zombie":12,"minecraft:glow_squid":1,"alexsmobs:bison":1,"graveyard:ghoul":1,"minecraft:enderman":1},"minecraft:picked_up":{"minecraft:iron_chestplate":3,"minecraft:wheat":115,"minecraft:lead":2,"minecraft:wither_rose":1,"minecraft:stone_brick_stairs":1,"botania:light_blue_double_flower":2,"vampirism:holy_water_bottle_normal":2,"minecraft:string":31,"minecraft:raw_copper":107,"minecraft:iron_leggings":1,"vampirism:cursed_spruce_planks":3,"vanillaplustools:stone_shovel":2,"minecraft:cobbled_deepslate":289,"minecraft:bucket":2,"minecraft:spruce_planks":278,"minecraft:iron_pickaxe":1,"minecraft:melon_slice":6,"minecraft:iron_boots":2,"minecraft:beehive":3,"minecraft:stick":22,"minecraft:big_dripleaf":5,"minecraft:torch":36,"minecraft:spruce_stairs":1,"minecraft:porkchop":6,"tombstone:grave_dust":2,"vampirism:vampire_fang":1,"minecraft:stone_sword":1,"vampirism:blood_bottle":4,"minecraft:rotten_flesh":22,"farmersdelight:onion":5,"biomesoplenty:mahogany_sapling":10,"vampirism:blood_grinder":1,"chococraft:chocobo_drumstick_raw":1,"artifacts:panic_necklace":1,"minecraft:obsidian":4,"minecraft:snowball":11,"minecraft:cobblestone":1727,"vampirism:vampire_book":1,"minecraft:lilac":1,"minecraft:cooked_beef":1,"minecraft:water_bucket":1,"minecraft:andesite":40,"minecraft:jungle_log":25,"minecraft:potato":8,"alexsmobs:bison_fur":1,"artifacts:flame_pendant":1,"artifacts:flippers":1,"minecraft:lantern":2,"minecraft:lapis_lazuli":11,"minecraft:dirt":1625,"minecraft:bone":19,"minecraft:glass":4,"minecraft:chipped_anvil":1,"minecraft:wheat_seeds":339,"botania:pink_mystical_flower":1,"minecraft:raw_gold":11,"vampirism:pure_blood_1":1,"botania:purple_mystical_flower":1,"minecraft:bell":1,"vampirism:item_garlic":5,"minecraft:stone_hoe":1,"minecraft:oak_planks":1,"biomesoplenty:mahogany_planks":64,"vampirism:cursed_spruce_log":164,"minecraft:jungle_planks":89,"minecraft:sand":52,"minecraft:grass_block":1,"vampirism:pure_blood_0":1,"graveyard:oak_coffin":1,"minecraft:bundle":2,"minecraft:spruce_fence_gate":1,"minecraft:diamond":17,"minecraft:granite":48,"minecraft:bone_meal":29,"minecraft:spruce_sign":5,"minecraft:bread":90,"minecraft:oak_sapling":19,"mca:bouquet":1,"minecraft:diamond_pickaxe":4,"minecraft:crafting_table":2,"minecraft:cocoa_beans":12,"minecraft:mud":66,"minecraft:allium":1,"minecraft:azure_bluet":16,"minecraft:stone_brick_wall":1,"minecraft:oak_trapdoor":2,"minecraft:moss_carpet":1,"minecraft:iron_axe":1,"vampirism:cursed_earth":6,"minecraft:candle":3,"minecraft:beef":13,"minecraft:player_head":1,"minecraft:poppy":2,"minecraft:sugar_cane":20,"minecraft:birch_sapling":1,"minecraft:egg":5,"minecraft:raw_iron":160,"minecraft:spruce_fence":2,"minecraft:carrot":151,"alexsmobs:leafcutter_ant_pupa":1,"minecraft:brown_dye":2,"minecraft:arrow":15,"minecraft:peony":1,"botania:blue_mystical_flower":1,"minecraft:gold_ingot":2,"minecraft:rail":2,"minecraft:oxeye_daisy":2,"botania:light_blue_petal":2,"vampirism:vampire_blood_bottle":2,"minecraft:glow_ink_sac":2,"minecraft:leather":2,"minecraft:oak_log":13,"minecraft:yellow_bed":1,"minecraft:gunpowder":2,"scalinghealth:heart_crystal":4,"minecraft:wooden_hoe":1,"scalinghealth:medkit":3,"tombstone:gift":1,"botania:black_mystical_flower":2,"chococraft:chocobo_feather":5,"vampirism:human_heart":7,"chococraft:gysahl_green":23,"minecraft:stone_bricks":2,"minecraft:stone_pickaxe":2,"minecraft:cobweb":3,"scalinghealth:power_crystal_shard":6,"minecraft:glass_bottle":7,"vampirism:altar_cleansing":3,"minecraft:iron_sword":1,"minecraft:smooth_basalt":44,"minecraft:dandelion":1,"minecraft:gravel":2,"minecraft:spruce_sapling":1,"chococraft:gysahl_green_seeds":16,"vampirism:altar_infusion":2,"minecraft:spruce_log":14,"minecraft:spider_eye":16,"biomesoplenty:mahogany_log":95,"vampirism:blood_container":2,"minecraft:iron_helmet":3,"vanillaplustools:stone_hammer":3,"minecraft:terracotta":50,"vampirism:vampire_orchid":5,"botania:brown_mystical_flower":1,"minecraft:coal":131,"vampirism:coffin_white":3,"minecraft:ender_pearl":1},"minecraft:broken":{"minecraft:iron_boots":1,"minecraft:stone_pickaxe":3,"minecraft:diamond_pickaxe":1,"minecraft:iron_sword":1,"minecraft:wooden_pickaxe":1,"vanillaplustools:stone_hammer":3,"minecraft:iron_axe":1,"minecraft:iron_helmet":1,"vanillaplustools:stone_shovel":1,"minecraft:wooden_hoe":1},"minecraft:dropped":{"minecraft:spruce_sign":5,"minecraft:candle":2,"minecraft:porkchop":2,"minecraft:lapis_lazuli":11,"minecraft:cooked_beef":1,"vampirism:human_heart":2,"minecraft:glow_ink_sac":2,"minecraft:glass_bottle":11,"mca:bouquet":1,"biomesoplenty:mahogany_planks":48,"minecraft:jungle_planks":59,"minecraft:rail":2,"alexsmobs:bison_fur":1,"minecraft:music_disc_13":1,"minecraft:dirt":16,"minecraft:bone_meal":7,"minecraft:sand":41,"minecraft:iron_pickaxe":1,"minecraft:bone":1,"minecraft:gravel":2,"minecraft:sugar_cane":20,"vanillaplustools:stone_shovel":2,"minecraft:cobbled_deepslate":1,"minecraft:wheat":31,"minecraft:rotten_flesh":9,"vampirism:altar_cleansing":1,"vampirism:blood_bottle":3,"minecraft:oak_planks":11,"mining_helmet:mining_helmet":1,"minecraft:beehive":1,"minecraft:azure_bluet":16,"alexsmobs:leafcutter_ant_pupa":1,"minecraft:gunpowder":11,"vampirism:vampire_blood_bottle":1,"minecraft:stone_brick_wall":2,"artifacts:panic_necklace":1,"vanillaplustools:stone_hammer":1,"minecraft:arrow":8,"biomesoplenty:mahogany_sapling":6,"minecraft:stone_brick_stairs":1,"vampirism:item_garlic":5,"farmersdelight:tomato_seeds":5,"biomesoplenty:mahogany_log":47,"minecraft:water_bucket":2,"minecraft:stone_hoe":2,"minecraft:bread":33,"minecraft:black_dye":2,"minecraft:wheat_seeds":207,"minecraft:iron_helmet":4,"minecraft:cobblestone":1306,"minecraft:lead":1,"chococraft:gysahl_green_seeds":14,"minecraft:granite":48,"minecraft:spruce_stairs":1,"minecraft:grass_block":1,"minecraft:coal":85,"minecraft:spruce_fence_gate":1,"minecraft:stick":34,"scalinghealth:medkit":1,"scalinghealth:heart_crystal":1,"minecraft:torch":9,"minecraft:wooden_hoe":1,"vampirism:cursed_earth":6,"tombstone:grave_dust":2,"minecraft:iron_leggings":1,"minecraft:string":11,"minecraft:bucket":1,"minecraft:spruce_sapling":1,"minecraft:redstone":4,"minecraft:brown_dye":4,"minecraft:oak_trapdoor":2,"minecraft:stone_sword":1,"chococraft:chocobo_feather":3,"minecraft:raw_iron":65,"botania:overgrowth_seed":1,"minecraft:iron_boots":3,"minecraft:dirt_path":1,"minecraft:spruce_fence":1,"minecraft:big_dripleaf":5,"minecraft:potato":8,"minecraft:stone":2,"minecraft:allium":1,"minecraft:spruce_planks":1,"minecraft:iron_chestplate":3,"minecraft:diamond_pickaxe":4,"minecraft:andesite":30,"minecraft:yellow_bed":1,"minecraft:oak_sapling":19,"minecraft:stone_bricks":1,"minecraft:spider_eye":10,"minecraft:spruce_log":6,"minecraft:stone_pickaxe":2,"minecraft:wooden_pickaxe":1},"minecraft:used":{"minecraft:moss_carpet":1,"minecraft:spruce_slab":6,"minecraft:poppy":5,"vampirism:cursed_spruce_planks":573,"botania:light_blue_petal":6,"vampirism:altar_infusion":3,"minecraft:chest":2,"minecraft:white_terracotta":10,"minecraft:iron_sword":50,"minecraft:stone":30,"vampirism:blood_container":3,"minecraft:rotten_flesh":6,"vampirism:coffin_white":4,"chococraft:chocobo_drumstick_cooked":1,"minecraft:lily_of_the_valley":4,"minecraft:jungle_planks":33,"minecraft:carrot":56,"minecraft:beehive":2,"botania:black_petal":2,"minecraft:lava_bucket":82,"minecraft:lantern":30,"minecraft:grass_block":463,"minecraft:blue_orchid":4,"minecraft:iron_helmet":1,"minecraft:stone_brick_stairs":223,"minecraft:stone_bricks":313,"minecraft:egg":5,"blue_skies:pyrope_sword":7,"minecraft:birch_leaves":5,"minecraft:stone_pickaxe":436,"minecraft:oak_planks":8,"minecraft:wooden_pickaxe":59,"minecraft:sugar_cane":10,"minecraft:oak_leaves":2,"vampirism:heart_seeker_normal":130,"vampirism:cursed_spruce_stairs":8,"minecraft:stone_brick_wall":74,"waystones:waystone":1,"minecraft:melon_slice":6,"minecraft:bread":27,"vampirism:altar_pillar":12,"vampirism:altar_cleansing":1,"minecraft:andesite":10,"minecraft:chain":7,"minecraft:birch_log":3,"chococraft:gysahl_green":10,"minecraft:oak_trapdoor":8,"minecraft:bone_meal":58,"minecraft:stone_sword":16,"minecraft:stone_shovel":37,"minecraft:spruce_planks":380,"vanillaplustools:stone_hammer":343,"farmersdelight:rich_soil":1,"minecraft:stone_hoe":47,"minecraft:oak_door":1,"minecraft:torch":55,"minecraft:dirt":2420,"scalinghealth:heart_crystal":2,"minecraft:spruce_fence":1,"minecraft:stone_brick_slab":307,"minecraft:red_tulip":3,"minecraft:iron_axe":145,"minecraft:smooth_basalt":44,"tombstone:gift":8,"minecraft:cooked_beef":8,"minecraft:cobbled_deepslate":544,"minecraft:iron_leggings":1,"botania:purple_petal":2,"minecraft:wheat_seeds":66,"minecraft:water_bucket":19,"vampirism:altar_inspiration":1,"minecraft:dirt_path":310,"blue_skies:horizonite_sword":42,"vampirism:blood_grinder":2,"biomesoplenty:mahogany_log":2,"minecraft:crafting_table":4,"minecraft:white_bed":1,"vanillaplustools:stone_shovel":230,"minecraft:oak_log":5,"minecraft:mud":66,"minecraft:cornflower":3,"minecraft:wooden_hoe":45,"botania:light_blue_double_flower":1,"minecraft:diamond_pickaxe":1344,"minecraft:oxeye_daisy":1,"chococraft:gysahl_green_seeds":2,"vampirism:altar_tip":4,"minecraft:chiseled_stone_bricks":77,"minecraft:cobblestone":604,"minecraft:porkchop":3,"mining_helmet:mining_helmet":1,"minecraft:bucket":24,"alexsmobs:animal_dictionary":2,"minecraft:dandelion":6,"minecraft:candle":1}},"DataVersion":3120}