{"stats":{"minecraft:mined":{"minecraft:white_bed":2,"minecraft:spruce_planks":9,"graveyard:pedestal":3,"minecraft:cave_vines_plant":1,"minecraft:cobbled_deepslate_stairs":7,"minecraft:sculk_vein":9,"minecraft:jungle_leaves":46,"graveyard:candle_holder":8,"minecraft:brewing_stand":1,"minecraft:obsidian":4,"minecraft:spruce_trapdoor":4,"minecraft:granite":126,"minecraft:grass_block":985,"minecraft:jungle_log":24,"minecraft:soul_soil":1,"graveyard:dark_iron_door":7,"minecraft:deepslate_bricks":7,"minecraft:spawner":3,"botania:purple_mystical_flower":1,"minecraft:sculk_catalyst":13,"minecraft:iron_ore":133,"minecraft:sticky_piston":1,"minecraft:fire":19,"minecraft:cobbled_deepslate":467,"graveyard:leaning_wither_skeleton":1,"minecraft:moss_carpet":7,"minecraft:azure_bluet":9,"minecraft:sculk_shrieker":9,"chococraft:gysahl_green":12,"minecraft:dirt_path":4,"minecraft:iron_bars":21,"scalinghealth:deepslate_power_crystal_ore":5,"minecraft:deepslate_brick_stairs":1,"botania:brown_mystical_flower":1,"minecraft:azalea":3,"minecraft:player_head":1,"minecraft:clay":2,"minecraft:torch":25,"vampirism:blood_grinder":1,"minecraft:melon":1,"minecraft:poppy":6,"minecraft:calcite":10,"minecraft:spruce_wall_sign":3,"minecraft:cobblestone":62,"minecraft:white_candle":2,"graveyard:lying_skeleton":1,"minecraft:oak_planks":1,"botania:black_mystical_flower":3,"minecraft:wall_torch":9,"minecraft:amethyst_block":6,"minecraft:seagrass":2,"vampirism:castle_block_dark_brick":2,"botania:light_blue_buried_petals":2,"minecraft:mud":156,"vampirism:dark_spruce_leaves":3,"minecraft:wheat":5,"minecraft:lilac":1,"minecraft:stripped_oak_wood":1,"minecraft:tnt":2,"biomesoplenty:clover":126,"minecraft:grass":155,"minecraft:cracked_deepslate_tiles":4,"minecraft:oak_log":13,"minecraft:sand":79,"minecraft:dirt":2588,"minecraft:smooth_basalt":93,"minecraft:oak_leaves":318,"minecraft:deepslate":1805,"vampirism:cursed_spruce_planks":34,"minecraft:deepslate_tiles":3,"minecraft:diamond_ore":6,"minecraft:tuff":97,"scalinghealth:power_crystal_ore":1,"minecraft:deepslate_diamond_ore":42,"minecraft:candle":14,"minecraft:cobbled_deepslate_slab":2,"minecraft:spruce_fence":1,"minecraft:jungle_planks":38,"graveyard:tg_deepslate":2,"vampirism:vampire_orchid":4,"minecraft:spruce_leaves":4,"minecraft:moss_block":73,"vampirism:cursed_spruce_stairs":8,"minecraft:large_fern":1,"minecraft:spore_blossom":1,"minecraft:deepslate_brick_slab":2,"minecraft:furnace":7,"minecraft:andesite":132,"minecraft:big_dripleaf_stem":2,"minecraft:polished_deepslate":5,"minecraft:bookshelf":24,"minecraft:deepslate_iron_ore":40,"minecraft:vine":4,"minecraft:lantern":1,"botania:yellow_mushroom":1,"botania:light_blue_double_flower":2,"minecraft:stone":4483,"scalinghealth:heart_crystal_ore":1,"vampirism:cursed_earth":5,"minecraft:flowering_azalea":2,"vampirism:altar_cleansing":4,"minecraft:observer":1,"vampirism:cursed_spruce_log":164,"vampirism:cursed_grass":2,"minecraft:crafting_table":4,"minecraft:cobbled_deepslate_wall":1,"vampirism:coffin_white":5,"minecraft:sculk_sensor":33,"minecraft:lectern":2,"minecraft:copper_ore":41,"minecraft:tall_grass":8,"minecraft:lapis_ore":2,"minecraft:deepslate_coal_ore":1,"biomesoplenty:huge_clover_petal":64,"biomesoplenty:sprout":17,"minecraft:deepslate_gold_ore":47,"minecraft:cracked_deepslate_bricks":1,"minecraft:sculk":17,"minecraft:diorite":167,"minecraft:spruce_stairs":1,"minecraft:black_stained_glass":1,"graveyard:vase_block":1,"minecraft:beehive":3,"biomesoplenty:mahogany_log":8,"minecraft:ice":2,"minecraft:spruce_log":7,"minecraft:birch_leaves":1,"vampirism:cursed_roots":2,"minecraft:yellow_bed":1,"graveyard:dark_iron_bars":53,"minecraft:coal_ore":148,"minecraft:cocoa":1,"minecraft:gravel":116,"graveyard:leaning_skeleton":2,"minecraft:dripstone_block":1,"minecraft:cobweb":4,"minecraft:terracotta":51,"minecraft:spruce_fence_gate":2,"minecraft:gold_ore":6,"minecraft:chipped_anvil":1,"minecraft:fern":194},"minecraft:custom":{"minecraft:animals_bred":19,"minecraft:interact_with_crafting_table":126,"minecraft:open_barrel":56,"goblintraders:trade_with_goblin":58,"minecraft:bell_ring":4,"minecraft:eat_cake_slice":2,"minecraft:leave_game":13,"minecraft:time_since_death":14852,"minecraft:damage_resisted":151,"minecraft:sprint_one_cm":4396496,"minecraft:drop":382,"minecraft:talked_to_villager":4,"minecraft:play_time":1589811,"minecraft:deaths":12,"minecraft:jump":29122,"minecraft:walk_on_water_one_cm":78443,"minecraft:interact_with_furnace":113,"minecraft:interact_with_cartography_table":1,"minecraft:sleep_in_bed":93,"minecraft:waystone_activated":5,"minecraft:damage_dealt":37879,"minecraft:player_kills":2,"minecraft:crouch_one_cm":364147,"tombstone:undead_killed":21,"minecraft:interact_with_smoker":1,"minecraft:interact_with_smithing_table":1,"minecraft:horse_one_cm":13044,"minecraft:mob_kills":101,"minecraft:damage_dealt_resisted":1593,"minecraft:climb_one_cm":16740,"minecraft:walk_one_cm":4693122,"minecraft:sneak_time":85029,"minecraft:walk_under_water_one_cm":215710,"minecraft:total_world_time":1589811,"vampirism:win_village_capture":1,"tombstone:raider_killed":2,"minecraft:time_since_rest":12453,"minecraft:damage_taken":62359,"minecraft:trigger_trapped_chest":5,"minecraft:swim_one_cm":1371885,"minecraft:fly_one_cm":8388899,"minecraft:open_chest":195,"vampirism:defend_village":1,"minecraft:fall_one_cm":791571},"minecraft:picked_up":{"minecraft:iron_chestplate":3,"minecraft:wheat":160,"minecraft:lead":2,"minecraft:wither_rose":1,"minecraft:stone_brick_stairs":1,"minecraft:brewing_stand":1,"vampirism:cursed_spruce_stairs":8,"botania:light_blue_double_flower":2,"vampirism:holy_water_bottle_normal":2,"minecraft:polished_deepslate":3,"minecraft:soul_soil":1,"minecraft:string":39,"minecraft:raw_copper":107,"graveyard:candle_holder":8,"minecraft:iron_leggings":1,"minecraft:sticky_piston":1,"vanillaplustools:stone_shovel":2,"vampirism:cursed_spruce_planks":34,"minecraft:deepslate_tiles":2,"minecraft:cobbled_deepslate":2229,"minecraft:bucket":2,"minecraft:spruce_planks":278,"minecraft:written_book":1,"vampirism:heart_seeker_normal":1,"minecraft:calcite":2,"minecraft:azalea":4,"minecraft:iron_pickaxe":1,"minecraft:melon_slice":6,"vampirism:crossbow_arrow_normal":12,"minecraft:furnace":7,"minecraft:iron_boots":2,"minecraft:beehive":3,"minecraft:stick":26,"minecraft:big_dripleaf":5,"minecraft:torch":46,"vanillaplustools:iron_shovel":2,"minecraft:spruce_stairs":1,"minecraft:porkchop":8,"minecraft:diorite":25,"tombstone:grave_dust":2,"vampirism:vampire_fang":1,"minecraft:black_dye":2,"minecraft:stone_sword":1,"vampirism:blood_bottle":4,"minecraft:rotten_flesh":22,"biomesoplenty:mahogany_sapling":10,"farmersdelight:onion":5,"vampirism:blood_grinder":1,"chococraft:chocobo_drumstick_raw":1,"artifacts:panic_necklace":1,"minecraft:deepslate_brick_stairs":1,"minecraft:obsidian":4,"minecraft:iron_bars":21,"minecraft:snowball":11,"minecraft:cobblestone":2347,"vampirism:vampire_book":1,"minecraft:cooked_beef":1,"minecraft:lilac":1,"minecraft:water_bucket":1,"minecraft:andesite":40,"minecraft:jungle_log":25,"minecraft:potato":8,"alexsmobs:bison_fur":1,"minecraft:flint":1,"minecraft:tuff":69,"graveyard:dark_iron_door":7,"artifacts:flame_pendant":1,"minecraft:lapis_lazuli":11,"minecraft:dirt":2494,"minecraft:lantern":2,"artifacts:flippers":1,"minecraft:glass":4,"minecraft:bone":23,"minecraft:chipped_anvil":1,"minecraft:deepslate_brick_slab":2,"minecraft:cobbled_deepslate_slab":2,"minecraft:wheat_seeds":349,"minecraft:cobbled_deepslate_wall":1,"botania:pink_mystical_flower":1,"botania:purple_mystical_flower":1,"minecraft:raw_gold":53,"vampirism:pure_blood_1":1,"minecraft:bell":1,"vampirism:item_garlic":5,"minecraft:moss_block":64,"minecraft:stone_hoe":1,"minecraft:oak_planks":1,"biomesoplenty:mahogany_planks":64,"vampirism:cursed_spruce_log":164,"minecraft:sand":75,"minecraft:jungle_planks":105,"minecraft:ink_sac":9,"minecraft:grass_block":1,"vampirism:pure_blood_0":1,"minecraft:bundle":2,"graveyard:oak_coffin":1,"minecraft:white_candle":5,"minecraft:spruce_fence_gate":1,"artifacts:golden_hook":1,"minecraft:diamond":48,"minecraft:granite":56,"minecraft:bone_meal":29,"minecraft:spruce_sign":5,"minecraft:bread":90,"minecraft:oak_sapling":19,"mca:bouquet":1,"minecraft:diamond_pickaxe":5,"minecraft:mud":151,"minecraft:cocoa_beans":12,"minecraft:crafting_table":4,"minecraft:allium":1,"minecraft:azure_bluet":16,"botania:white_mushroom":1,"minecraft:stone_brick_wall":1,"minecraft:oak_trapdoor":2,"minecraft:moss_carpet":11,"minecraft:iron_axe":1,"artifacts:fire_gauntlet":1,"graveyard:corruption":4,"vampirism:cursed_earth":6,"minecraft:candle":39,"minecraft:beef":13,"scalinghealth:chance_heart":2,"minecraft:player_head":1,"minecraft:observer":1,"minecraft:poppy":8,"minecraft:lectern":2,"minecraft:sugar_cane":20,"minecraft:birch_sapling":1,"minecraft:egg":6,"minecraft:raw_iron":160,"minecraft:spruce_fence":2,"vampirism:castle_block_dark_brick_bloody":1,"graveyard:dark_iron_bars":48,"minecraft:carrot":173,"alexsmobs:leafcutter_ant_pupa":1,"minecraft:brown_dye":2,"minecraft:arrow":16,"minecraft:peony":1,"minecraft:deepslate_bricks":4,"botania:blue_mystical_flower":1,"minecraft:gold_ingot":2,"minecraft:rail":2,"minecraft:oxeye_daisy":2,"minecraft:cracked_deepslate_tiles":1,"botania:light_blue_petal":2,"vampirism:vampire_blood_bottle":3,"minecraft:glow_ink_sac":2,"minecraft:leather":2,"alexsmobs:skreecher_soul":1,"minecraft:oak_log":13,"scalinghealth:bandages":1,"minecraft:yellow_bed":1,"minecraft:cobbled_deepslate_stairs":7,"minecraft:gunpowder":2,"scalinghealth:heart_crystal":4,"minecraft:wooden_hoe":1,"scalinghealth:medkit":3,"tombstone:gift":1,"botania:black_mystical_flower":3,"chococraft:chocobo_feather":5,"vampirism:human_heart":7,"chococraft:gysahl_green":23,"minecraft:stone_bricks":2,"minecraft:spore_blossom":1,"minecraft:stone_pickaxe":2,"minecraft:cobweb":3,"scalinghealth:power_crystal_shard":6,"minecraft:glass_bottle":7,"vampirism:altar_cleansing":4,"minecraft:iron_sword":1,"minecraft:flowering_azalea":2,"minecraft:book":63,"minecraft:smooth_basalt":101,"graveyard:pedestal":3,"minecraft:dandelion":1,"minecraft:gravel":7,"minecraft:white_bed":2,"chococraft:gysahl_green_seeds":16,"minecraft:spruce_sapling":1,"minecraft:spruce_log":14,"vampirism:altar_infusion":2,"minecraft:spider_eye":16,"artifacts:helium_flamingo":3,"biomesoplenty:mahogany_log":99,"vampirism:blood_container":2,"minecraft:iron_helmet":6,"vanillaplustools:stone_hammer":3,"minecraft:terracotta":50,"vampirism:vampire_orchid":5,"botania:brown_mystical_flower":1,"minecraft:coal":141,"vampirism:coffin_white":5,"minecraft:ender_pearl":1},"minecraft:broken":{"minecraft:iron_boots":1,"minecraft:iron_chestplate":1,"minecraft:iron_leggings":1,"minecraft:stone_pickaxe":3,"vanillaplustools:iron_shovel":1,"minecraft:diamond_pickaxe":2,"minecraft:iron_sword":1,"minecraft:wooden_pickaxe":1,"vanillaplustools:stone_hammer":3,"minecraft:iron_axe":1,"minecraft:iron_helmet":1,"vanillaplustools:stone_shovel":1,"minecraft:wooden_hoe":1},"minecraft:killed":{"vampirism:vampire":7,"vampirism:advanced_vampire":7,"minecraft:spider":22,"minecraft:skeleton":6,"graveyard:acolyte":1,"graveyard:reaper":1,"vampirism:advanced_hunter":1,"artifacts:mimic":7,"minecraft:creeper":3,"vampirism:hunter":6,"minecraft:zombie":13,"minecraft:glow_squid":1,"graveyard:corrupted_pillager":1,"graveyard:corrupted_vindicator":2,"alexsmobs:bison":1,"alexsmobs:skreecher":1,"graveyard:ghoul":2,"minecraft:squid":5,"minecraft:enderman":1},"minecraft:killed_by":{"graveyard:acolyte":1,"vampirism:hunter":1,"minecraft:warden":1},"minecraft:used":{"minecraft:moss_block":5,"minecraft:moss_carpet":1,"botania:light_blue_petal":6,"minecraft:spruce_slab":6,"vampirism:altar_infusion":3,"minecraft:chest":5,"minecraft:poppy":5,"vampirism:cursed_spruce_planks":654,"minecraft:white_terracotta":10,"minecraft:iron_sword":50,"minecraft:stone":30,"vampirism:blood_container":3,"minecraft:rotten_flesh":6,"graveyard:pedestal":3,"minecraft:iron_chestplate":1,"chococraft:chocobo_drumstick_cooked":1,"minecraft:lily_of_the_valley":4,"vampirism:coffin_white":6,"minecraft:jungle_planks":50,"minecraft:carrot":56,"minecraft:deepslate_brick_slab":2,"minecraft:cracked_deepslate_tiles":1,"minecraft:beehive":2,"botania:black_petal":2,"vanillaplustools:iron_shovel":195,"minecraft:lava_bucket":82,"minecraft:grass_block":463,"minecraft:lantern":30,"minecraft:blue_orchid":4,"minecraft:iron_helmet":2,"minecraft:stone_brick_stairs":223,"minecraft:stone_bricks":313,"minecraft:red_stained_glass_pane":24,"minecraft:written_book":1,"minecraft:furnace":7,"minecraft:egg":6,"blue_skies:pyrope_sword":7,"minecraft:birch_leaves":5,"minecraft:stone_pickaxe":436,"minecraft:oak_planks":8,"minecraft:wooden_pickaxe":59,"minecraft:sugar_cane":10,"graveyard:dark_iron_bars":9,"minecraft:oak_leaves":2,"vampirism:heart_seeker_normal":267,"vampirism:cursed_spruce_stairs":24,"minecraft:deepslate_brick_stairs":1,"minecraft:stone_brick_wall":74,"minecraft:cobbled_deepslate_stairs":49,"minecraft:deepslate_tiles":2,"waystones:waystone":1,"minecraft:melon_slice":6,"minecraft:bread":27,"vampirism:altar_pillar":12,"minecraft:lectern":2,"graveyard:dark_iron_door":7,"vampirism:altar_cleansing":3,"minecraft:andesite":10,"minecraft:birch_log":3,"minecraft:chain":7,"chococraft:gysahl_green":10,"biomesoplenty:mahogany_planks":12,"minecraft:oak_trapdoor":8,"minecraft:bone_meal":58,"graveyard:candle_holder":8,"minecraft:stone_sword":16,"vampirism:heart_seeker_enhanced":110,"minecraft:flint_and_steel":21,"minecraft:stone_shovel":37,"minecraft:spruce_planks":380,"vanillaplustools:stone_hammer":343,"farmersdelight:rich_soil":1,"minecraft:stone_hoe":47,"minecraft:oak_door":1,"minecraft:torch":63,"minecraft:brewing_stand":1,"minecraft:dirt":2632,"scalinghealth:heart_crystal":2,"minecraft:spruce_fence":1,"minecraft:stone_brick_slab":307,"minecraft:chipped_anvil":1,"minecraft:red_tulip":3,"minecraft:iron_axe":145,"minecraft:iron_boots":1,"minecraft:smooth_basalt":75,"tombstone:gift":8,"minecraft:cooked_beef":8,"minecraft:cobbled_deepslate":2325,"minecraft:iron_leggings":2,"botania:purple_petal":2,"minecraft:wheat_seeds":66,"minecraft:water_bucket":22,"vampirism:altar_inspiration":1,"minecraft:dirt_path":310,"blue_skies:horizonite_sword":42,"scalinghealth:chance_heart":1,"vampirism:blood_grinder":2,"biomesoplenty:mahogany_log":2,"minecraft:crafting_table":5,"minecraft:white_bed":3,"vanillaplustools:stone_shovel":230,"botania:light_blue_double_flower":1,"minecraft:wooden_hoe":45,"minecraft:oak_log":5,"minecraft:mud":141,"minecraft:cornflower":3,"minecraft:diamond_pickaxe":5838,"minecraft:oxeye_daisy":1,"chococraft:gysahl_green_seeds":2,"vampirism:altar_tip":4,"minecraft:chiseled_stone_bricks":77,"minecraft:cobblestone":678,"minecraft:cobbled_deepslate_slab":2,"minecraft:porkchop":3,"mining_helmet:mining_helmet":1,"minecraft:bucket":27,"alexsmobs:animal_dictionary":2,"minecraft:dandelion":6,"minecraft:candle":37},"minecraft:dropped":{"minecraft:spruce_sign":5,"minecraft:candle":2,"minecraft:porkchop":4,"vampirism:castle_block_dark_brick_bloody":1,"minecraft:lapis_lazuli":11,"minecraft:cooked_beef":1,"vampirism:human_heart":2,"minecraft:glow_ink_sac":2,"minecraft:glass_bottle":11,"mca:bouquet":1,"biomesoplenty:mahogany_planks":48,"minecraft:jungle_planks":67,"minecraft:rail":2,"alexsmobs:bison_fur":1,"minecraft:flint":1,"minecraft:music_disc_13":1,"minecraft:dirt":632,"minecraft:snowball":11,"minecraft:bone_meal":7,"minecraft:sand":41,"scalinghealth:chance_heart":1,"minecraft:iron_pickaxe":1,"minecraft:bone":1,"minecraft:gravel":8,"botania:white_mushroom":1,"minecraft:sugar_cane":20,"vanillaplustools:stone_shovel":2,"minecraft:cobbled_deepslate":193,"minecraft:wheat":31,"minecraft:rotten_flesh":9,"vampirism:altar_cleansing":1,"minecraft:white_candle":5,"minecraft:oak_planks":11,"vampirism:blood_bottle":3,"mining_helmet:mining_helmet":1,"minecraft:beehive":1,"minecraft:azure_bluet":16,"minecraft:carrot":33,"alexsmobs:leafcutter_ant_pupa":1,"artifacts:helium_flamingo":1,"minecraft:gunpowder":11,"vampirism:vampire_blood_bottle":1,"minecraft:stone_brick_wall":2,"minecraft:azalea":4,"artifacts:panic_necklace":1,"vanillaplustools:stone_hammer":1,"minecraft:arrow":9,"biomesoplenty:mahogany_sapling":6,"minecraft:stone_brick_stairs":1,"minecraft:iron_ingot":2,"minecraft:bread":33,"minecraft:stone_hoe":2,"vampirism:item_garlic":5,"farmersdelight:tomato_seeds":5,"minecraft:water_bucket":2,"biomesoplenty:mahogany_log":47,"minecraft:black_dye":15,"minecraft:wheat_seeds":217,"minecraft:lilac":1,"minecraft:cobbled_deepslate_stairs":2,"minecraft:cobblestone":1951,"minecraft:iron_helmet":7,"minecraft:lead":1,"chococraft:gysahl_green_seeds":14,"minecraft:granite":60,"minecraft:spruce_stairs":1,"minecraft:grass_block":1,"minecraft:coal":91,"minecraft:spruce_fence_gate":1,"scalinghealth:medkit":1,"minecraft:stick":42,"minecraft:diorite":25,"minecraft:wooden_hoe":1,"minecraft:torch":11,"scalinghealth:heart_crystal":1,"vampirism:cursed_earth":6,"tombstone:grave_dust":3,"minecraft:iron_leggings":1,"minecraft:mud":5,"minecraft:string":19,"minecraft:bucket":1,"minecraft:spruce_sapling":1,"minecraft:redstone":4,"minecraft:smooth_basalt":14,"minecraft:polished_deepslate":3,"minecraft:brown_dye":4,"vampirism:heart_seeker_normal":1,"minecraft:oak_trapdoor":2,"minecraft:stone_sword":1,"chococraft:chocobo_feather":3,"minecraft:tuff":28,"minecraft:raw_iron":73,"botania:overgrowth_seed":1,"minecraft:iron_boots":4,"minecraft:dirt_path":1,"minecraft:spruce_fence":1,"minecraft:big_dripleaf":5,"minecraft:potato":8,"minecraft:stone":2,"minecraft:allium":1,"minecraft:spruce_planks":1,"minecraft:iron_chestplate":3,"minecraft:diamond_pickaxe":8,"minecraft:andesite":30,"minecraft:yellow_bed":1,"vampirism:crossbow_arrow_normal":18,"minecraft:oak_sapling":19,"minecraft:spider_eye":10,"minecraft:stone_bricks":1,"minecraft:spruce_log":6,"minecraft:stone_pickaxe":2,"minecraft:wooden_pickaxe":1,"minecraft:calcite":2,"scalinghealth:bandages":1,"graveyard:dark_iron_bars":10,"artifacts:fire_gauntlet":1},"minecraft:crafted":{"minecraft:red_stained_glass_pane":24,"minecraft:black_dye":13,"minecraft:oak_planks":52,"botania:purple_petal":2,"securitycraft:wire_cutters":1,"minecraft:stone":72,"minecraft:glass":34,"minecraft:hopper":1,"minecraft:iron_boots":2,"vampirism:altar_inspiration":1,"minecraft:chest":6,"vampirism:blood_grinder":1,"vanillaplustools:stone_shovel":1,"minecraft:stone_hoe":1,"minecraft:stone_bricks":72,"minecraft:glass_bottle":3,"minecraft:crafting_table":2,"minecraft:spruce_planks":32,"minecraft:brown_dye":2,"minecraft:wooden_pickaxe":2,"minecraft:iron_helmet":2,"minecraft:diamond_pickaxe":2,"minecraft:wooden_hoe":1,"minecraft:iron_chestplate":2,"mining_helmet:mining_helmet":1,"minecraft:stick":56,"minecraft:iron_ingot":125,"vampirism:coffin_white":1,"minecraft:iron_block":4,"minecraft:gold_ingot":84,"minecraft:shears":1,"botania:brown_petal":2,"vampirism:altar_tip":4,"minecraft:stone_shovel":9,"vanillaplustools:stone_hammer":1,"chococraft:chocobo_drumstick_cooked":1,"biomesoplenty:mahogany_planks":12,"vampirism:cursed_spruce_planks":656,"vampirism:cursed_spruce_stairs":16,"minecraft:bone_meal":84,"minecraft:glass_pane":48,"minecraft:flint_and_steel":1,"botania:black_petal":6,"vampirism:altar_infusion":1,"minecraft:spruce_slab":6,"minecraft:stone_pickaxe":12,"minecraft:cobbled_deepslate_stairs":44,"botania:light_blue_petal":4,"minecraft:dark_oak_planks":4,"minecraft:cooked_beef":8,"minecraft:red_dye":3,"minecraft:bucket":2,"minecraft:air":0,"minecraft:jungle_planks":88,"vampirism:altar_pillar":12,"vampirism:blood_infused_iron_ingot":3,"minecraft:white_wool":6,"vampirism:heart_seeker_normal":1,"minecraft:iron_leggings":2,"minecraft:white_bed":1,"vampirism:blood_container":3,"minecraft:torch":28}},"DataVersion":3120}