{"stats":{"minecraft:used":{"minecraft:moss_carpet":1,"minecraft:spruce_slab":6,"botania:light_blue_petal":6,"minecraft:poppy":5,"vampirism:cursed_spruce_planks":636,"vampirism:altar_infusion":3,"minecraft:chest":2,"minecraft:white_terracotta":10,"minecraft:iron_sword":50,"minecraft:stone":30,"vampirism:blood_container":3,"graveyard:pedestal":3,"minecraft:rotten_flesh":6,"minecraft:iron_chestplate":1,"chococraft:chocobo_drumstick_cooked":1,"minecraft:lily_of_the_valley":4,"vampirism:coffin_white":5,"minecraft:jungle_planks":33,"minecraft:carrot":56,"minecraft:cracked_deepslate_tiles":1,"minecraft:beehive":2,"botania:black_petal":2,"minecraft:lava_bucket":82,"minecraft:grass_block":463,"minecraft:lantern":30,"minecraft:blue_orchid":4,"minecraft:iron_helmet":2,"minecraft:stone_brick_stairs":223,"minecraft:stone_bricks":313,"minecraft:red_stained_glass_pane":24,"minecraft:written_book":1,"minecraft:egg":6,"blue_skies:pyrope_sword":7,"minecraft:birch_leaves":5,"minecraft:stone_pickaxe":436,"minecraft:oak_planks":8,"minecraft:wooden_pickaxe":59,"graveyard:dark_iron_bars":9,"minecraft:sugar_cane":10,"minecraft:oak_leaves":2,"vampirism:heart_seeker_normal":267,"vampirism:cursed_spruce_stairs":24,"minecraft:stone_brick_wall":74,"minecraft:cobbled_deepslate_stairs":9,"waystones:waystone":1,"minecraft:melon_slice":6,"minecraft:bread":27,"vampirism:altar_pillar":12,"minecraft:lectern":2,"graveyard:dark_iron_door":2,"vampirism:altar_cleansing":3,"minecraft:andesite":10,"minecraft:birch_log":3,"minecraft:chain":7,"chococraft:gysahl_green":10,"minecraft:oak_trapdoor":8,"minecraft:bone_meal":58,"graveyard:candle_holder":8,"vampirism:heart_seeker_enhanced":25,"minecraft:stone_sword":16,"minecraft:flint_and_steel":11,"minecraft:stone_shovel":37,"minecraft:spruce_planks":380,"vanillaplustools:stone_hammer":343,"farmersdelight:rich_soil":1,"minecraft:stone_hoe":47,"minecraft:oak_door":1,"minecraft:torch":56,"minecraft:brewing_stand":1,"minecraft:dirt":2474,"scalinghealth:heart_crystal":2,"minecraft:spruce_fence":1,"minecraft:stone_brick_slab":307,"minecraft:chipped_anvil":1,"minecraft:red_tulip":3,"minecraft:iron_axe":145,"minecraft:iron_boots":1,"minecraft:smooth_basalt":75,"tombstone:gift":8,"minecraft:cooked_beef":8,"minecraft:cobbled_deepslate":1746,"minecraft:iron_leggings":2,"botania:purple_petal":2,"minecraft:wheat_seeds":66,"minecraft:water_bucket":21,"vampirism:altar_inspiration":1,"minecraft:dirt_path":310,"blue_skies:horizonite_sword":42,"scalinghealth:chance_heart":1,"vampirism:blood_grinder":2,"biomesoplenty:mahogany_log":2,"minecraft:crafting_table":4,"minecraft:white_bed":1,"vanillaplustools:stone_shovel":230,"botania:light_blue_double_flower":1,"minecraft:oak_log":5,"minecraft:mud":137,"minecraft:wooden_hoe":45,"minecraft:cornflower":3,"minecraft:diamond_pickaxe":4276,"minecraft:oxeye_daisy":1,"chococraft:gysahl_green_seeds":2,"vampirism:altar_tip":4,"minecraft:chiseled_stone_bricks":77,"minecraft:cobblestone":665,"minecraft:porkchop":3,"mining_helmet:mining_helmet":1,"minecraft:bucket":26,"alexsmobs:animal_dictionary":2,"minecraft:dandelion":6,"minecraft:candle":35},"minecraft:custom":{"minecraft:animals_bred":18,"minecraft:interact_with_crafting_table":115,"minecraft:open_barrel":48,"goblintraders:trade_with_goblin":58,"minecraft:bell_ring":4,"minecraft:eat_cake_slice":2,"minecraft:leave_game":12,"minecraft:time_since_death":248329,"minecraft:damage_resisted":41,"minecraft:sprint_one_cm":3930705,"minecraft:drop":333,"minecraft:talked_to_villager":4,"minecraft:play_time":1399573,"minecraft:deaths":10,"minecraft:jump":26816,"minecraft:walk_on_water_one_cm":71603,"minecraft:interact_with_furnace":109,"minecraft:interact_with_cartography_table":1,"minecraft:sleep_in_bed":93,"minecraft:waystone_activated":5,"minecraft:damage_dealt":32766,"minecraft:player_kills":2,"minecraft:crouch_one_cm":347044,"tombstone:undead_killed":19,"minecraft:interact_with_smoker":1,"minecraft:interact_with_smithing_table":1,"minecraft:horse_one_cm":13044,"minecraft:mob_kills":89,"minecraft:damage_dealt_resisted":1273,"minecraft:climb_one_cm":13714,"minecraft:walk_one_cm":4152503,"minecraft:sneak_time":75616,"minecraft:walk_under_water_one_cm":189847,"minecraft:total_world_time":1399573,"vampirism:win_village_capture":1,"tombstone:raider_killed":2,"minecraft:time_since_rest":66044,"minecraft:damage_taken":50412,"minecraft:trigger_trapped_chest":2,"minecraft:swim_one_cm":1040013,"minecraft:fly_one_cm":7271802,"minecraft:open_chest":177,"vampirism:defend_village":1,"minecraft:fall_one_cm":723780},"minecraft:broken":{"minecraft:iron_boots":1,"minecraft:iron_chestplate":1,"minecraft:iron_leggings":1,"minecraft:stone_pickaxe":3,"minecraft:diamond_pickaxe":2,"minecraft:iron_sword":1,"minecraft:wooden_pickaxe":1,"vanillaplustools:stone_hammer":3,"minecraft:iron_axe":1,"minecraft:iron_helmet":1,"vanillaplustools:stone_shovel":1,"minecraft:wooden_hoe":1},"minecraft:picked_up":{"minecraft:iron_chestplate":3,"minecraft:wheat":160,"minecraft:lead":2,"minecraft:wither_rose":1,"minecraft:brewing_stand":1,"minecraft:stone_brick_stairs":1,"vampirism:cursed_spruce_stairs":8,"botania:light_blue_double_flower":2,"vampirism:holy_water_bottle_normal":2,"minecraft:polished_deepslate":3,"minecraft:string":35,"minecraft:raw_copper":107,"graveyard:candle_holder":8,"minecraft:iron_leggings":1,"minecraft:sticky_piston":1,"vanillaplustools:stone_shovel":2,"vampirism:cursed_spruce_planks":18,"minecraft:cobbled_deepslate":1510,"minecraft:bucket":2,"minecraft:spruce_planks":278,"minecraft:written_book":1,"vampirism:heart_seeker_normal":1,"minecraft:iron_pickaxe":1,"minecraft:melon_slice":6,"vampirism:crossbow_arrow_normal":12,"minecraft:iron_boots":2,"minecraft:beehive":3,"minecraft:stick":26,"minecraft:big_dripleaf":5,"minecraft:torch":38,"vanillaplustools:iron_shovel":1,"minecraft:spruce_stairs":1,"minecraft:porkchop":8,"tombstone:grave_dust":2,"vampirism:vampire_fang":1,"minecraft:black_dye":2,"minecraft:stone_sword":1,"vampirism:blood_bottle":4,"minecraft:rotten_flesh":22,"biomesoplenty:mahogany_sapling":10,"farmersdelight:onion":5,"vampirism:blood_grinder":1,"chococraft:chocobo_drumstick_raw":1,"artifacts:panic_necklace":1,"minecraft:obsidian":4,"minecraft:snowball":11,"minecraft:cobblestone":1833,"vampirism:vampire_book":1,"minecraft:cooked_beef":1,"minecraft:lilac":1,"minecraft:water_bucket":1,"minecraft:andesite":40,"minecraft:jungle_log":25,"minecraft:potato":8,"alexsmobs:bison_fur":1,"minecraft:tuff":69,"graveyard:dark_iron_door":2,"artifacts:flame_pendant":1,"minecraft:lapis_lazuli":11,"minecraft:dirt":1679,"minecraft:lantern":2,"artifacts:flippers":1,"minecraft:glass":4,"minecraft:bone":23,"minecraft:chipped_anvil":1,"minecraft:cobbled_deepslate_wall":1,"minecraft:wheat_seeds":349,"botania:pink_mystical_flower":1,"botania:purple_mystical_flower":1,"minecraft:raw_gold":53,"vampirism:pure_blood_1":1,"minecraft:bell":1,"vampirism:item_garlic":5,"minecraft:stone_hoe":1,"minecraft:oak_planks":1,"biomesoplenty:mahogany_planks":64,"vampirism:cursed_spruce_log":164,"minecraft:sand":75,"minecraft:jungle_planks":89,"minecraft:ink_sac":9,"minecraft:grass_block":1,"vampirism:pure_blood_0":1,"minecraft:bundle":2,"graveyard:oak_coffin":1,"minecraft:white_candle":5,"minecraft:spruce_fence_gate":1,"artifacts:golden_hook":1,"minecraft:diamond":43,"minecraft:granite":56,"minecraft:bone_meal":29,"minecraft:spruce_sign":5,"minecraft:bread":90,"minecraft:oak_sapling":19,"minecraft:mud":147,"mca:bouquet":1,"minecraft:diamond_pickaxe":4,"minecraft:cocoa_beans":12,"minecraft:crafting_table":2,"minecraft:allium":1,"minecraft:azure_bluet":16,"botania:white_mushroom":1,"minecraft:stone_brick_wall":1,"minecraft:oak_trapdoor":2,"minecraft:moss_carpet":1,"minecraft:iron_axe":1,"graveyard:corruption":4,"vampirism:cursed_earth":6,"minecraft:candle":39,"minecraft:beef":13,"scalinghealth:chance_heart":2,"minecraft:player_head":1,"minecraft:observer":1,"minecraft:poppy":6,"minecraft:lectern":2,"minecraft:sugar_cane":20,"minecraft:birch_sapling":1,"minecraft:egg":6,"minecraft:raw_iron":160,"minecraft:spruce_fence":2,"graveyard:dark_iron_bars":48,"minecraft:carrot":173,"alexsmobs:leafcutter_ant_pupa":1,"minecraft:brown_dye":2,"minecraft:arrow":16,"minecraft:peony":1,"minecraft:deepslate_bricks":4,"botania:blue_mystical_flower":1,"minecraft:gold_ingot":2,"minecraft:cracked_deepslate_tiles":1,"minecraft:rail":2,"minecraft:oxeye_daisy":2,"botania:light_blue_petal":2,"vampirism:vampire_blood_bottle":3,"minecraft:glow_ink_sac":2,"minecraft:leather":2,"alexsmobs:skreecher_soul":1,"minecraft:oak_log":13,"scalinghealth:bandages":1,"minecraft:yellow_bed":1,"minecraft:cobbled_deepslate_stairs":3,"minecraft:gunpowder":2,"scalinghealth:heart_crystal":4,"minecraft:wooden_hoe":1,"scalinghealth:medkit":3,"tombstone:gift":1,"botania:black_mystical_flower":3,"chococraft:chocobo_feather":5,"vampirism:human_heart":7,"chococraft:gysahl_green":23,"minecraft:stone_bricks":2,"minecraft:stone_pickaxe":2,"minecraft:cobweb":3,"scalinghealth:power_crystal_shard":6,"minecraft:glass_bottle":7,"vampirism:altar_cleansing":4,"minecraft:iron_sword":1,"graveyard:pedestal":3,"minecraft:book":63,"minecraft:smooth_basalt":96,"minecraft:dandelion":1,"minecraft:gravel":3,"chococraft:gysahl_green_seeds":16,"minecraft:spruce_sapling":1,"minecraft:spruce_log":14,"vampirism:altar_infusion":2,"minecraft:spider_eye":16,"artifacts:helium_flamingo":1,"biomesoplenty:mahogany_log":95,"vampirism:blood_container":2,"minecraft:iron_helmet":6,"vanillaplustools:stone_hammer":3,"minecraft:terracotta":50,"vampirism:vampire_orchid":5,"botania:brown_mystical_flower":1,"minecraft:coal":131,"vampirism:coffin_white":4,"minecraft:ender_pearl":1},"minecraft:killed_by":{"graveyard:acolyte":1,"vampirism:hunter":1},"minecraft:mined":{"minecraft:spruce_planks":6,"graveyard:pedestal":3,"graveyard:candle_holder":8,"minecraft:cobbled_deepslate_stairs":3,"minecraft:sculk_vein":9,"minecraft:jungle_leaves":46,"minecraft:brewing_stand":1,"minecraft:obsidian":4,"minecraft:spruce_trapdoor":4,"minecraft:granite":116,"minecraft:grass_block":874,"minecraft:jungle_log":24,"graveyard:dark_iron_door":2,"minecraft:deepslate_bricks":6,"minecraft:spawner":2,"botania:purple_mystical_flower":1,"minecraft:sculk_catalyst":13,"minecraft:sticky_piston":1,"minecraft:iron_ore":133,"minecraft:cobbled_deepslate":300,"minecraft:fire":19,"graveyard:leaning_wither_skeleton":1,"minecraft:azure_bluet":9,"minecraft:sculk_shrieker":7,"chococraft:gysahl_green":12,"minecraft:dirt_path":4,"scalinghealth:deepslate_power_crystal_ore":5,"botania:brown_mystical_flower":1,"minecraft:player_head":1,"minecraft:clay":2,"minecraft:torch":23,"vampirism:blood_grinder":1,"minecraft:melon":1,"minecraft:poppy":4,"minecraft:calcite":10,"minecraft:spruce_wall_sign":3,"minecraft:cobblestone":58,"minecraft:white_candle":2,"graveyard:lying_skeleton":1,"minecraft:oak_planks":1,"botania:black_mystical_flower":3,"minecraft:wall_torch":6,"minecraft:amethyst_block":6,"minecraft:seagrass":2,"botania:light_blue_buried_petals":2,"minecraft:mud":152,"vampirism:dark_spruce_leaves":3,"minecraft:wheat":5,"minecraft:lilac":1,"minecraft:stripped_oak_wood":1,"biomesoplenty:clover":126,"minecraft:grass":150,"minecraft:cracked_deepslate_tiles":4,"minecraft:oak_log":13,"minecraft:sand":79,"minecraft:dirt":641,"minecraft:smooth_basalt":92,"minecraft:oak_leaves":314,"minecraft:deepslate":1394,"vampirism:cursed_spruce_planks":18,"minecraft:deepslate_tiles":1,"minecraft:diamond_ore":6,"minecraft:tuff":76,"scalinghealth:power_crystal_ore":1,"minecraft:candle":14,"minecraft:deepslate_diamond_ore":37,"minecraft:spruce_fence":1,"minecraft:jungle_planks":30,"graveyard:tg_deepslate":2,"vampirism:vampire_orchid":4,"minecraft:spruce_leaves":2,"vampirism:cursed_spruce_stairs":8,"minecraft:large_fern":1,"minecraft:andesite":132,"minecraft:big_dripleaf_stem":2,"minecraft:polished_deepslate":5,"minecraft:bookshelf":24,"minecraft:deepslate_iron_ore":40,"minecraft:vine":4,"minecraft:lantern":1,"botania:yellow_mushroom":1,"botania:light_blue_double_flower":2,"minecraft:stone":3689,"vampirism:cursed_earth":5,"minecraft:observer":1,"vampirism:altar_cleansing":4,"vampirism:cursed_spruce_log":164,"vampirism:cursed_grass":2,"minecraft:crafting_table":2,"minecraft:cobbled_deepslate_wall":1,"vampirism:coffin_white":4,"minecraft:sculk_sensor":27,"minecraft:lectern":2,"minecraft:copper_ore":41,"minecraft:tall_grass":3,"minecraft:lapis_ore":2,"minecraft:deepslate_coal_ore":1,"biomesoplenty:huge_clover_petal":64,"biomesoplenty:sprout":17,"minecraft:deepslate_gold_ore":47,"minecraft:sculk":8,"minecraft:diorite":140,"minecraft:spruce_stairs":1,"minecraft:black_stained_glass":1,"graveyard:vase_block":1,"minecraft:beehive":3,"biomesoplenty:mahogany_log":8,"minecraft:ice":2,"minecraft:spruce_log":7,"minecraft:birch_leaves":1,"vampirism:cursed_roots":2,"minecraft:yellow_bed":1,"graveyard:dark_iron_bars":53,"minecraft:coal_ore":137,"minecraft:cocoa":1,"minecraft:dripstone_block":1,"minecraft:gravel":105,"graveyard:leaning_skeleton":2,"minecraft:cobweb":3,"minecraft:terracotta":51,"minecraft:spruce_fence_gate":2,"minecraft:gold_ore":6,"minecraft:chipped_anvil":1,"minecraft:fern":194},"minecraft:dropped":{"minecraft:spruce_sign":5,"minecraft:candle":2,"minecraft:porkchop":4,"minecraft:lapis_lazuli":11,"minecraft:cooked_beef":1,"vampirism:human_heart":2,"minecraft:glow_ink_sac":2,"minecraft:glass_bottle":11,"mca:bouquet":1,"biomesoplenty:mahogany_planks":48,"minecraft:jungle_planks":59,"minecraft:rail":2,"alexsmobs:bison_fur":1,"minecraft:music_disc_13":1,"minecraft:dirt":16,"minecraft:snowball":11,"minecraft:bone_meal":7,"minecraft:sand":41,"scalinghealth:chance_heart":1,"minecraft:iron_pickaxe":1,"minecraft:bone":1,"minecraft:gravel":4,"botania:white_mushroom":1,"minecraft:sugar_cane":20,"vanillaplustools:stone_shovel":2,"minecraft:cobbled_deepslate":1,"minecraft:wheat":31,"minecraft:rotten_flesh":9,"minecraft:white_candle":3,"vampirism:altar_cleansing":1,"minecraft:oak_planks":11,"vampirism:blood_bottle":3,"mining_helmet:mining_helmet":1,"minecraft:beehive":1,"minecraft:azure_bluet":16,"minecraft:carrot":33,"alexsmobs:leafcutter_ant_pupa":1,"minecraft:gunpowder":11,"vampirism:vampire_blood_bottle":1,"minecraft:stone_brick_wall":2,"artifacts:panic_necklace":1,"vanillaplustools:stone_hammer":1,"minecraft:arrow":9,"biomesoplenty:mahogany_sapling":6,"minecraft:stone_brick_stairs":1,"minecraft:iron_ingot":2,"minecraft:bread":33,"minecraft:stone_hoe":2,"vampirism:item_garlic":5,"farmersdelight:tomato_seeds":5,"minecraft:water_bucket":2,"biomesoplenty:mahogany_log":47,"minecraft:black_dye":15,"minecraft:wheat_seeds":217,"minecraft:lilac":1,"minecraft:cobbled_deepslate_stairs":2,"minecraft:cobblestone":1351,"minecraft:iron_helmet":7,"minecraft:lead":1,"chococraft:gysahl_green_seeds":14,"minecraft:granite":60,"minecraft:spruce_stairs":1,"minecraft:grass_block":1,"minecraft:coal":85,"minecraft:spruce_fence_gate":1,"minecraft:stick":42,"scalinghealth:medkit":1,"minecraft:wooden_hoe":1,"minecraft:torch":10,"scalinghealth:heart_crystal":1,"vampirism:cursed_earth":6,"tombstone:grave_dust":3,"minecraft:iron_leggings":1,"minecraft:mud":5,"minecraft:string":15,"minecraft:bucket":1,"minecraft:spruce_sapling":1,"minecraft:redstone":4,"minecraft:smooth_basalt":9,"minecraft:polished_deepslate":3,"minecraft:brown_dye":4,"vampirism:heart_seeker_normal":1,"minecraft:oak_trapdoor":2,"minecraft:stone_sword":1,"chococraft:chocobo_feather":3,"minecraft:tuff":28,"minecraft:raw_iron":73,"botania:overgrowth_seed":1,"minecraft:iron_boots":4,"minecraft:dirt_path":1,"minecraft:spruce_fence":1,"minecraft:big_dripleaf":5,"minecraft:potato":8,"minecraft:stone":2,"minecraft:allium":1,"minecraft:spruce_planks":1,"minecraft:iron_chestplate":3,"minecraft:diamond_pickaxe":5,"minecraft:andesite":30,"minecraft:yellow_bed":1,"vampirism:crossbow_arrow_normal":18,"minecraft:oak_sapling":19,"minecraft:spider_eye":10,"minecraft:stone_bricks":1,"minecraft:spruce_log":6,"minecraft:stone_pickaxe":2,"minecraft:wooden_pickaxe":1,"scalinghealth:bandages":1,"graveyard:dark_iron_bars":10},"minecraft:killed":{"vampirism:vampire":5,"vampirism:advanced_vampire":6,"minecraft:spider":19,"minecraft:skeleton":5,"graveyard:acolyte":1,"graveyard:reaper":1,"vampirism:advanced_hunter":1,"artifacts:mimic":5,"minecraft:creeper":3,"vampirism:hunter":6,"minecraft:zombie":12,"minecraft:glow_squid":1,"graveyard:corrupted_vindicator":1,"alexsmobs:bison":1,"alexsmobs:skreecher":1,"graveyard:ghoul":2,"minecraft:squid":5,"minecraft:enderman":1},"minecraft:crafted":{"minecraft:red_stained_glass_pane":24,"minecraft:black_dye":13,"minecraft:oak_planks":52,"botania:purple_petal":2,"securitycraft:wire_cutters":1,"minecraft:stone":72,"minecraft:glass":34,"minecraft:hopper":1,"minecraft:iron_boots":2,"vampirism:altar_inspiration":1,"minecraft:chest":3,"vampirism:blood_grinder":1,"vanillaplustools:stone_shovel":1,"minecraft:stone_hoe":1,"minecraft:stone_bricks":72,"minecraft:glass_bottle":3,"minecraft:crafting_table":2,"minecraft:spruce_planks":32,"minecraft:brown_dye":2,"minecraft:wooden_pickaxe":2,"minecraft:iron_helmet":2,"mining_helmet:mining_helmet":1,"minecraft:iron_chestplate":2,"minecraft:wooden_hoe":1,"minecraft:stick":52,"minecraft:iron_ingot":125,"vampirism:coffin_white":1,"minecraft:iron_block":4,"minecraft:gold_ingot":84,"minecraft:shears":1,"botania:brown_petal":2,"vampirism:altar_tip":4,"minecraft:stone_shovel":9,"vanillaplustools:stone_hammer":1,"chococraft:chocobo_drumstick_cooked":1,"vampirism:cursed_spruce_planks":656,"vampirism:cursed_spruce_stairs":16,"minecraft:bone_meal":84,"minecraft:flint_and_steel":1,"minecraft:glass_pane":48,"botania:black_petal":6,"vampirism:altar_infusion":1,"minecraft:spruce_slab":6,"minecraft:stone_pickaxe":12,"minecraft:cobbled_deepslate_stairs":8,"botania:light_blue_petal":4,"minecraft:dark_oak_planks":4,"minecraft:cooked_beef":8,"minecraft:red_dye":3,"minecraft:bucket":2,"minecraft:air":0,"minecraft:jungle_planks":88,"vampirism:altar_pillar":12,"vampirism:blood_infused_iron_ingot":3,"minecraft:white_wool":6,"vampirism:heart_seeker_normal":1,"minecraft:iron_leggings":2,"minecraft:white_bed":1,"vampirism:blood_container":3,"minecraft:torch":28}},"DataVersion":3120}