{"stats":{"minecraft:dropped":{"minecraft:spruce_sign":5,"minecraft:candle":2,"minecraft:porkchop":2,"minecraft:lapis_lazuli":11,"minecraft:cooked_beef":1,"minecraft:glow_ink_sac":2,"minecraft:glass_bottle":4,"biomesoplenty:mahogany_planks":48,"minecraft:rail":2,"minecraft:music_disc_13":1,"minecraft:dirt":5,"minecraft:bone_meal":7,"minecraft:sand":4,"minecraft:iron_pickaxe":1,"minecraft:bone":1,"minecraft:gravel":2,"minecraft:sugar_cane":20,"vanillaplustools:stone_shovel":1,"minecraft:wheat":2,"minecraft:rotten_flesh":6,"vampirism:altar_cleansing":1,"minecraft:oak_planks":1,"vampirism:blood_bottle":1,"mining_helmet:mining_helmet":1,"minecraft:beehive":1,"minecraft:azure_bluet":16,"alexsmobs:leafcutter_ant_pupa":1,"minecraft:gunpowder":11,"minecraft:stone_brick_wall":2,"artifacts:panic_necklace":1,"vanillaplustools:stone_hammer":1,"minecraft:arrow":8,"biomesoplenty:mahogany_sapling":6,"minecraft:stone_brick_stairs":1,"farmersdelight:tomato_seeds":5,"vampirism:item_garlic":3,"minecraft:stone_hoe":2,"minecraft:water_bucket":2,"biomesoplenty:mahogany_log":1,"minecraft:bread":33,"minecraft:wheat_seeds":131,"minecraft:iron_helmet":4,"minecraft:cobblestone":1137,"minecraft:lead":1,"chococraft:gysahl_green_seeds":14,"minecraft:granite":48,"minecraft:spruce_stairs":1,"minecraft:grass_block":1,"minecraft:coal":61,"minecraft:stick":31,"scalinghealth:medkit":1,"minecraft:spruce_fence_gate":1,"minecraft:wooden_hoe":1,"minecraft:torch":7,"scalinghealth:heart_crystal":1,"tombstone:grave_dust":2,"minecraft:iron_leggings":1,"minecraft:string":9,"minecraft:bucket":1,"minecraft:spruce_sapling":1,"minecraft:redstone":4,"minecraft:brown_dye":4,"minecraft:oak_trapdoor":2,"minecraft:stone_sword":1,"chococraft:chocobo_feather":3,"minecraft:raw_iron":31,"botania:overgrowth_seed":1,"minecraft:iron_boots":3,"minecraft:dirt_path":1,"minecraft:spruce_fence":1,"minecraft:big_dripleaf":5,"minecraft:potato":8,"minecraft:allium":1,"minecraft:spruce_planks":1,"minecraft:iron_chestplate":3,"minecraft:diamond_pickaxe":1,"minecraft:andesite":30,"minecraft:oak_sapling":18,"minecraft:spider_eye":8,"minecraft:spruce_log":6,"minecraft:stone_pickaxe":2,"minecraft:wooden_pickaxe":1},"minecraft:broken":{"minecraft:stone_pickaxe":3,"minecraft:iron_sword":1,"minecraft:wooden_pickaxe":1,"vanillaplustools:stone_hammer":3,"vanillaplustools:stone_shovel":1,"minecraft:wooden_hoe":1},"minecraft:picked_up":{"minecraft:iron_chestplate":3,"minecraft:wheat":115,"minecraft:lead":2,"minecraft:stone_brick_stairs":1,"botania:light_blue_double_flower":2,"vampirism:holy_water_bottle_normal":2,"minecraft:string":17,"minecraft:raw_copper":107,"minecraft:iron_leggings":1,"vanillaplustools:stone_shovel":2,"minecraft:cobbled_deepslate":68,"minecraft:bucket":2,"minecraft:spruce_planks":274,"minecraft:iron_pickaxe":1,"minecraft:melon_slice":6,"minecraft:iron_boots":2,"minecraft:beehive":3,"minecraft:stick":18,"minecraft:big_dripleaf":5,"minecraft:torch":22,"minecraft:spruce_stairs":1,"minecraft:porkchop":6,"tombstone:grave_dust":2,"vampirism:vampire_fang":1,"minecraft:stone_sword":1,"vampirism:blood_bottle":1,"minecraft:rotten_flesh":19,"farmersdelight:onion":5,"biomesoplenty:mahogany_sapling":10,"vampirism:blood_grinder":1,"chococraft:chocobo_drumstick_raw":1,"artifacts:panic_necklace":1,"minecraft:cobblestone":1580,"minecraft:cooked_beef":1,"minecraft:andesite":40,"minecraft:water_bucket":1,"minecraft:jungle_log":25,"minecraft:potato":8,"alexsmobs:bison_fur":1,"artifacts:flame_pendant":1,"artifacts:flippers":1,"minecraft:lapis_lazuli":11,"minecraft:dirt":1505,"minecraft:lantern":2,"minecraft:glass":4,"minecraft:bone":19,"minecraft:chipped_anvil":1,"botania:pink_mystical_flower":1,"minecraft:wheat_seeds":327,"botania:purple_mystical_flower":1,"minecraft:bell":1,"vampirism:item_garlic":3,"minecraft:stone_hoe":1,"minecraft:oak_planks":1,"biomesoplenty:mahogany_planks":64,"minecraft:sand":52,"minecraft:grass_block":1,"graveyard:oak_coffin":1,"minecraft:bundle":2,"minecraft:spruce_fence_gate":1,"minecraft:diamond":17,"minecraft:bone_meal":29,"minecraft:granite":48,"minecraft:spruce_sign":5,"minecraft:bread":90,"minecraft:oak_sapling":18,"minecraft:diamond_pickaxe":1,"minecraft:mud":65,"minecraft:cocoa_beans":12,"minecraft:crafting_table":1,"minecraft:allium":1,"minecraft:azure_bluet":16,"minecraft:stone_brick_wall":1,"minecraft:oak_trapdoor":2,"minecraft:moss_carpet":1,"minecraft:candle":3,"minecraft:beef":13,"minecraft:poppy":2,"minecraft:sugar_cane":20,"minecraft:birch_sapling":1,"minecraft:egg":4,"minecraft:raw_iron":160,"minecraft:spruce_fence":2,"minecraft:carrot":151,"alexsmobs:leafcutter_ant_pupa":1,"minecraft:brown_dye":2,"minecraft:arrow":15,"minecraft:peony":1,"botania:blue_mystical_flower":1,"minecraft:rail":2,"minecraft:oxeye_daisy":2,"botania:light_blue_petal":2,"minecraft:glow_ink_sac":2,"minecraft:leather":2,"minecraft:oak_log":13,"minecraft:yellow_bed":1,"minecraft:gunpowder":2,"scalinghealth:heart_crystal":2,"minecraft:wooden_hoe":1,"tombstone:gift":1,"scalinghealth:medkit":2,"botania:black_mystical_flower":2,"chococraft:chocobo_feather":5,"chococraft:gysahl_green":23,"minecraft:stone_bricks":1,"minecraft:stone_pickaxe":2,"minecraft:cobweb":3,"scalinghealth:power_crystal_shard":6,"minecraft:glass_bottle":4,"vampirism:altar_cleansing":3,"minecraft:iron_sword":1,"minecraft:smooth_basalt":42,"minecraft:dandelion":1,"minecraft:gravel":2,"minecraft:spruce_sapling":1,"chococraft:gysahl_green_seeds":16,"minecraft:spruce_log":14,"minecraft:spider_eye":14,"biomesoplenty:mahogany_log":49,"vampirism:blood_container":2,"minecraft:iron_helmet":3,"vanillaplustools:stone_hammer":3,"minecraft:terracotta":50,"botania:brown_mystical_flower":1,"minecraft:coal":93,"minecraft:ender_pearl":1},"minecraft:crafted":{"minecraft:black_dye":2,"minecraft:oak_planks":52,"botania:purple_petal":2,"securitycraft:wire_cutters":1,"minecraft:hopper":1,"minecraft:glass":8,"minecraft:iron_boots":1,"vampirism:altar_inspiration":1,"minecraft:chest":3,"vampirism:blood_grinder":1,"vanillaplustools:stone_shovel":1,"minecraft:stone_hoe":1,"minecraft:crafting_table":2,"minecraft:spruce_planks":32,"minecraft:brown_dye":2,"minecraft:iron_helmet":1,"minecraft:wooden_pickaxe":2,"minecraft:iron_chestplate":1,"minecraft:wooden_hoe":1,"mining_helmet:mining_helmet":1,"minecraft:stick":48,"minecraft:iron_ingot":69,"minecraft:shears":1,"botania:brown_petal":2,"minecraft:stone_shovel":9,"vanillaplustools:stone_hammer":1,"chococraft:chocobo_drumstick_cooked":1,"minecraft:bone_meal":30,"botania:black_petal":4,"minecraft:spruce_slab":6,"minecraft:stone_pickaxe":12,"botania:light_blue_petal":4,"minecraft:dark_oak_planks":4,"minecraft:cooked_beef":8,"minecraft:bucket":2,"minecraft:air":0,"minecraft:jungle_planks":88,"minecraft:white_wool":3,"minecraft:iron_leggings":1,"minecraft:white_bed":1,"vampirism:blood_container":3,"minecraft:torch":28},"minecraft:mined":{"minecraft:spruce_planks":2,"minecraft:jungle_leaves":46,"minecraft:spruce_trapdoor":4,"minecraft:granite":63,"minecraft:grass_block":787,"minecraft:jungle_log":24,"botania:purple_mystical_flower":1,"minecraft:fire":19,"minecraft:iron_ore":131,"minecraft:cobbled_deepslate":4,"minecraft:azure_bluet":9,"chococraft:gysahl_green":12,"minecraft:dirt_path":4,"scalinghealth:deepslate_power_crystal_ore":5,"botania:brown_mystical_flower":1,"minecraft:torch":9,"vampirism:blood_grinder":1,"minecraft:calcite":1,"minecraft:melon":1,"minecraft:spruce_wall_sign":3,"minecraft:cobblestone":47,"graveyard:lying_skeleton":1,"minecraft:wall_torch":4,"botania:black_mystical_flower":2,"minecraft:seagrass":2,"botania:light_blue_buried_petals":2,"minecraft:mud":69,"minecraft:wheat":5,"minecraft:grass":137,"biomesoplenty:clover":117,"minecraft:oak_log":13,"minecraft:sand":54,"minecraft:dirt":499,"minecraft:smooth_basalt":43,"minecraft:oak_leaves":314,"minecraft:deepslate":285,"minecraft:tuff":13,"scalinghealth:power_crystal_ore":1,"minecraft:deepslate_diamond_ore":17,"minecraft:spruce_fence":1,"minecraft:spruce_leaves":2,"minecraft:large_fern":1,"minecraft:andesite":63,"minecraft:big_dripleaf_stem":2,"minecraft:deepslate_iron_ore":40,"minecraft:vine":4,"minecraft:lantern":1,"botania:yellow_mushroom":1,"botania:light_blue_double_flower":2,"minecraft:stone":2359,"vampirism:altar_cleansing":3,"minecraft:crafting_table":1,"minecraft:deepslate_coal_ore":1,"minecraft:tall_grass":3,"minecraft:copper_ore":37,"biomesoplenty:sprout":16,"biomesoplenty:huge_clover_petal":60,"minecraft:lapis_ore":2,"minecraft:diorite":85,"minecraft:spruce_stairs":1,"biomesoplenty:mahogany_log":8,"minecraft:beehive":3,"minecraft:ice":2,"minecraft:spruce_log":7,"minecraft:birch_leaves":1,"minecraft:yellow_bed":1,"minecraft:coal_ore":92,"minecraft:gravel":104,"graveyard:leaning_skeleton":1,"minecraft:terracotta":51,"minecraft:spruce_fence_gate":2,"minecraft:chipped_anvil":1,"minecraft:fern":193},"minecraft:used":{"minecraft:moss_carpet":1,"minecraft:spruce_slab":6,"minecraft:poppy":5,"botania:light_blue_petal":6,"minecraft:chest":2,"minecraft:white_terracotta":10,"minecraft:stone":30,"minecraft:iron_sword":50,"vampirism:blood_container":3,"minecraft:rotten_flesh":6,"chococraft:chocobo_drumstick_cooked":1,"minecraft:lily_of_the_valley":4,"minecraft:carrot":55,"minecraft:beehive":2,"botania:black_petal":2,"minecraft:lava_bucket":77,"minecraft:lantern":30,"minecraft:grass_block":463,"minecraft:blue_orchid":4,"minecraft:stone_brick_stairs":223,"minecraft:stone_bricks":313,"minecraft:egg":4,"blue_skies:pyrope_sword":7,"minecraft:birch_leaves":5,"minecraft:stone_pickaxe":436,"minecraft:oak_planks":8,"minecraft:wooden_pickaxe":59,"minecraft:sugar_cane":10,"minecraft:oak_leaves":2,"minecraft:stone_brick_wall":74,"waystones:waystone":1,"minecraft:bread":27,"minecraft:melon_slice":6,"vampirism:altar_cleansing":1,"minecraft:birch_log":3,"minecraft:chain":7,"chococraft:gysahl_green":10,"minecraft:bone_meal":58,"minecraft:oak_trapdoor":8,"minecraft:stone_sword":16,"minecraft:stone_shovel":37,"minecraft:spruce_planks":376,"vanillaplustools:stone_hammer":343,"farmersdelight:rich_soil":1,"minecraft:stone_hoe":47,"minecraft:oak_door":1,"minecraft:torch":39,"minecraft:dirt":2297,"minecraft:spruce_fence":1,"minecraft:stone_brick_slab":307,"minecraft:red_tulip":3,"minecraft:smooth_basalt":42,"tombstone:gift":6,"minecraft:cooked_beef":8,"minecraft:cobbled_deepslate":68,"minecraft:iron_leggings":1,"botania:purple_petal":2,"minecraft:wheat_seeds":66,"minecraft:water_bucket":17,"vampirism:altar_inspiration":1,"minecraft:dirt_path":310,"blue_skies:horizonite_sword":42,"vampirism:blood_grinder":2,"biomesoplenty:mahogany_log":2,"minecraft:crafting_table":3,"vanillaplustools:stone_shovel":230,"minecraft:white_bed":1,"minecraft:oak_log":5,"minecraft:mud":14,"minecraft:wooden_hoe":45,"botania:light_blue_double_flower":1,"minecraft:diamond_pickaxe":596,"minecraft:cornflower":3,"minecraft:oxeye_daisy":1,"chococraft:gysahl_green_seeds":2,"minecraft:chiseled_stone_bricks":77,"minecraft:cobblestone":575,"minecraft:porkchop":3,"minecraft:bucket":18,"mining_helmet:mining_helmet":1,"alexsmobs:animal_dictionary":2,"minecraft:dandelion":6,"minecraft:candle":1},"minecraft:killed":{"vampirism:advanced_vampire":1,"minecraft:spider":14,"minecraft:skeleton":4,"artifacts:mimic":3,"minecraft:creeper":3,"minecraft:zombie":12,"minecraft:glow_squid":1,"alexsmobs:bison":1,"minecraft:enderman":1},"minecraft:custom":{"minecraft:animals_bred":10,"minecraft:interact_with_crafting_table":52,"minecraft:open_barrel":28,"goblintraders:trade_with_goblin":30,"minecraft:eat_cake_slice":2,"minecraft:leave_game":9,"minecraft:time_since_death":620812,"minecraft:sprint_one_cm":2250973,"minecraft:drop":207,"minecraft:talked_to_villager":1,"minecraft:play_time":799357,"minecraft:deaths":1,"minecraft:jump":16624,"minecraft:walk_on_water_one_cm":51579,"minecraft:interact_with_furnace":40,"minecraft:sleep_in_bed":60,"minecraft:waystone_activated":5,"minecraft:damage_dealt":12096,"minecraft:player_kills":2,"minecraft:crouch_one_cm":27095,"tombstone:undead_killed":16,"minecraft:interact_with_smoker":1,"minecraft:horse_one_cm":13044,"minecraft:interact_with_smithing_table":1,"minecraft:mob_kills":50,"minecraft:damage_dealt_resisted":130,"minecraft:climb_one_cm":7998,"minecraft:walk_one_cm":2647727,"minecraft:sneak_time":7591,"minecraft:walk_under_water_one_cm":54163,"minecraft:total_world_time":799357,"tombstone:raider_killed":2,"minecraft:time_since_rest":3909,"minecraft:damage_taken":18217,"minecraft:trigger_trapped_chest":1,"minecraft:swim_one_cm":171973,"minecraft:fly_one_cm":4393043,"minecraft:open_chest":75,"minecraft:fall_one_cm":395342}},"DataVersion":3120}