{"stats":{"minecraft:killed_by":{"minecraft:player":2,"minecraft:spider":1},"minecraft:mined":{"minecraft:dark_oak_planks":33,"biomesoplenty:glowshroom":1,"minecraft:spruce_planks":87,"minecraft:white_bed":1,"minecraft:oak_sapling":3,"minecraft:cobbled_deepslate_stairs":1,"botania:red_mystical_flower":3,"biomesoplenty:mahogany_door":3,"minecraft:granite":54,"minecraft:grass_block":1343,"botania:lime_double_flower":1,"minecraft:dark_oak_stairs":4,"chococraft:gysahl_green":1,"minecraft:oak_stairs":3,"minecraft:deepslate_brick_stairs":3,"minecraft:spruce_slab":22,"minecraft:deepslate_redstone_ore":8,"minecraft:soul_lantern":1,"minecraft:torch":32,"minecraft:melon":8,"minecraft:cobblestone":156,"botania:blue_mystical_flower":2,"minecraft:sugar_cane":1,"minecraft:oak_planks":49,"minecraft:wall_torch":7,"minecraft:dark_oak_slab":8,"minecraft:wheat":5,"minecraft:grass":182,"biomesoplenty:clover":119,"minecraft:oak_log":69,"minecraft:dirt":948,"minecraft:oak_leaves":61,"minecraft:deepslate":8,"minecraft:tuff":1,"minecraft:dark_oak_leaves":2,"farmersdelight:wild_carrots":14,"minecraft:dark_oak_log":1,"minecraft:allium":2,"minecraft:spruce_leaves":73,"minecraft:moss_block":2,"farmersdelight:wild_onions":10,"minecraft:spruce_sapling":2,"minecraft:furnace":2,"graveyard:sarcophagus":2,"minecraft:cobblestone_slab":22,"minecraft:deepslate_iron_ore":2,"biomesoplenty:mahogany_leaves":20,"minecraft:vine":2,"minecraft:rail":83,"minecraft:bamboo":3,"minecraft:stone":1434,"botania:lime_mystical_flower":1,"minecraft:crafting_table":5,"biomesoplenty:mahogany_planks":15,"minecraft:tall_grass":1,"minecraft:copper_ore":6,"biomesoplenty:huge_clover_petal":21,"biomesoplenty:sprout":2,"minecraft:lapis_ore":7,"minecraft:diorite":13,"biomesoplenty:mahogany_log":138,"minecraft:spruce_log":62,"minecraft:coal_ore":52,"minecraft:gravel":2,"minecraft:gold_ore":5,"minecraft:fern":2},"minecraft:picked_up":{"minecraft:iron_chestplate":1,"minecraft:wheat":48,"minecraft:oak_stairs":3,"minecraft:string":19,"minecraft:raw_copper":55,"graveyard:sarcophagus":2,"vanillaplustools:stone_shovel":1,"minecraft:cobbled_deepslate":62,"minecraft:bucket":1,"minecraft:spruce_planks":115,"minecraft:cobblestone_slab":22,"minecraft:iron_pickaxe":1,"minecraft:melon_slice":35,"minecraft:iron_boots":1,"minecraft:furnace":2,"minecraft:beehive":1,"minecraft:stick":151,"minecraft:torch":60,"minecraft:porkchop":7,"minecraft:diorite":39,"vampirism:vampire_fang":1,"tombstone:grave_dust":4,"minecraft:dirt_path":1,"vampirism:blood_bottle":3,"minecraft:stone_sword":1,"minecraft:rotten_flesh":34,"minecraft:tropical_fish":1,"artifacts:villager_hat":1,"farmersdelight:onion":12,"biomesoplenty:mahogany_sapling":15,"chococraft:chocobo_drumstick_raw":1,"artifacts:panic_necklace":1,"minecraft:deepslate_brick_stairs":7,"minecraft:cobblestone":2963,"minecraft:water_bucket":1,"minecraft:andesite":27,"minecraft:jungle_log":23,"biomesoplenty:glowshroom":1,"minecraft:potato":5,"alexsmobs:bison_fur":4,"minecraft:flint":1,"minecraft:tuff":10,"minecraft:lapis_lazuli":64,"minecraft:dirt":2327,"minecraft:leather_boots":1,"minecraft:bone":17,"minecraft:wheat_seeds":159,"minecraft:raw_gold":9,"minecraft:bamboo":11,"minecraft:oak_planks":49,"biomesoplenty:mahogany_planks":65,"botania:red_mystical_flower":3,"minecraft:music_disc_13":1,"minecraft:sand":4,"minecraft:grass_block":3,"minecraft:dark_oak_log":149,"mining_helmet:mining_helmet":1,"minecraft:soul_lantern":1,"minecraft:granite":63,"minecraft:bone_meal":7,"minecraft:bread":72,"scalinghealth:cursed_heart":1,"minecraft:emerald":6,"minecraft:oak_sapling":47,"minecraft:diamond_pickaxe":2,"minecraft:cocoa_beans":18,"minecraft:crafting_table":5,"minecraft:allium":18,"minecraft:azure_bluet":9,"minecraft:chest_minecart":1,"minecraft:wooden_pickaxe":1,"minecraft:stone_brick_wall":1,"minecraft:blue_orchid":2,"minecraft:beef":33,"minecraft:poppy":2,"minecraft:spruce_slab":16,"minecraft:sugar_cane":4,"minecraft:birch_sapling":7,"minecraft:egg":3,"minecraft:dark_oak_sapling":6,"minecraft:raw_iron":52,"farmersdelight:tomato_seeds":16,"botania:lime_double_flower":1,"minecraft:carrot":22,"minecraft:redstone":31,"alexsmobs:leafcutter_ant_pupa":1,"minecraft:brown_dye":2,"minecraft:dark_oak_planks":32,"botania:overgrowth_seed":1,"botania:lime_mystical_flower":1,"minecraft:arrow":16,"minecraft:peony":1,"botania:blue_mystical_flower":2,"tombstone:essence_of_undeath":1,"minecraft:white_wool":3,"minecraft:rail":82,"minecraft:bone_block":2,"minecraft:oxeye_daisy":2,"minecraft:glow_ink_sac":1,"minecraft:oak_log":456,"scalinghealth:bandages":2,"minecraft:gunpowder":13,"scalinghealth:heart_crystal":3,"minecraft:wooden_hoe":1,"scalinghealth:medkit":2,"chococraft:chocobo_feather":15,"chococraft:gysahl_green":4,"minecraft:apple":18,"minecraft:iron_ingot":1,"minecraft:stone_pickaxe":1,"minecraft:cobweb":9,"tombstone:bag_of_seeds":1,"minecraft:dark_oak_stairs":4,"minecraft:book":2,"minecraft:scaffolding":2,"minecraft:smooth_basalt":5,"minecraft:dark_oak_slab":5,"minecraft:dandelion":2,"minecraft:gravel":7,"minecraft:spruce_sapling":122,"chococraft:gysahl_green_seeds":13,"minecraft:white_bed":1,"minecraft:spruce_log":906,"minecraft:spider_eye":3,"biomesoplenty:mahogany_log":96,"biomesoplenty:mahogany_door":5,"minecraft:stone_axe":3,"minecraft:iron_helmet":1,"vanillaplustools:stone_hammer":1,"minecraft:terracotta":1,"minecraft:coal":114,"minecraft:ender_pearl":2},"minecraft:custom":{"minecraft:interact_with_crafting_table":86,"minecraft:open_barrel":3,"goblintraders:trade_with_goblin":2,"minecraft:leave_game":10,"minecraft:time_since_death":203729,"minecraft:sprint_one_cm":2731269,"minecraft:drop":174,"minecraft:talked_to_villager":9,"minecraft:play_time":825339,"minecraft:deaths":7,"minecraft:jump":11261,"minecraft:interact_with_brewingstand":1,"minecraft:walk_on_water_one_cm":20234,"minecraft:interact_with_furnace":20,"minecraft:sleep_in_bed":19,"minecraft:waystone_activated":3,"minecraft:damage_dealt":18907,"minecraft:crouch_one_cm":59184,"tombstone:undead_killed":30,"minecraft:interact_with_smoker":3,"minecraft:horse_one_cm":20532,"minecraft:mob_kills":65,"minecraft:damage_dealt_resisted":904,"minecraft:climb_one_cm":12229,"minecraft:walk_one_cm":4111808,"minecraft:sneak_time":12984,"minecraft:walk_under_water_one_cm":13266,"minecraft:total_world_time":825339,"minecraft:time_since_rest":142582,"minecraft:damage_taken":223764,"minecraft:swim_one_cm":7230,"minecraft:fly_one_cm":2489865,"minecraft:open_chest":138,"minecraft:fall_one_cm":263562},"minecraft:crafted":{"minecraft:oak_planks":1813,"minecraft:cobblestone_slab":234,"minecraft:glass":4,"minecraft:chest":16,"vanillaplustools:stone_shovel":3,"minecraft:cooked_porkchop":3,"minecraft:crafting_table":9,"minecraft:spruce_planks":3600,"minecraft:wooden_pickaxe":1,"minecraft:dark_oak_slab":60,"minecraft:wooden_hoe":2,"minecraft:stick":164,"minecraft:iron_ingot":48,"minecraft:iron_pickaxe":1,"minecraft:stone_sword":3,"minecraft:gold_ingot":6,"minecraft:shears":1,"minecraft:stone_shovel":30,"vanillaplustools:stone_hammer":4,"biomesoplenty:mahogany_planks":164,"minecraft:furnace":4,"minecraft:bone_meal":63,"minecraft:iron_axe":7,"minecraft:spruce_slab":120,"minecraft:stone_pickaxe":39,"minecraft:dark_oak_planks":278,"minecraft:dark_oak_stairs":32,"biomesoplenty:mahogany_wood":3,"minecraft:stone_axe":4,"minecraft:air":0,"minecraft:jungle_planks":8,"minecraft:white_wool":1,"biomesoplenty:mahogany_door":3,"minecraft:wooden_axe":2,"minecraft:oak_stairs":36,"minecraft:iron_leggings":1,"minecraft:white_bed":1,"minecraft:torch":76},"minecraft:broken":{"minecraft:stone_pickaxe":2,"minecraft:stone_axe":4,"minecraft:stone_shovel":2,"minecraft:stone_sword":1,"vanillaplustools:stone_hammer":1,"minecraft:iron_axe":6,"minecraft:leather_boots":1,"vanillaplustools:stone_shovel":1},"minecraft:killed":{"vampirism:vampire":3,"vampirism:advanced_vampire":2,"minecraft:spider":16,"minecraft:skeleton":8,"minecraft:pig":2,"minecraft:creeper":2,"minecraft:zombie":20,"mca:male_zombie_villager":1,"alexsmobs:raccoon":1,"graveyard:revenant":1,"alexsmobs:bison":3,"minecraft:enderman":2},"minecraft:dropped":{"biomesoplenty:mahogany_planks":75,"alexsmobs:bison_fur":2,"minecraft:dirt":681,"farmersdelight:onion":5,"minecraft:bone_meal":22,"minecraft:stone_axe":3,"botania:lime_double_flower":1,"vanillaplustools:stone_shovel":2,"minecraft:wheat":3,"tombstone:gift":1,"minecraft:rotten_flesh":27,"minecraft:azure_bluet":8,"minecraft:carrot":3,"vanillaplustools:stone_hammer":3,"minecraft:arrow":9,"minecraft:glass":4,"minecraft:beef":17,"biomesoplenty:mahogany_sapling":1,"biomesoplenty:mahogany_log":1,"minecraft:bread":30,"minecraft:wheat_seeds":33,"scalinghealth:cursed_heart":1,"minecraft:cobblestone":159,"chococraft:gysahl_green_seeds":1,"minecraft:granite":14,"minecraft:coal":36,"minecraft:stick":19,"scalinghealth:medkit":2,"minecraft:cobweb":9,"minecraft:deepslate_brick_stairs":7,"minecraft:torch":11,"minecraft:wooden_hoe":1,"chococraft:chocobo_drumstick_raw":1,"tombstone:grave_dust":1,"minecraft:string":6,"minecraft:bucket":2,"minecraft:spruce_sapling":1,"minecraft:stone_sword":1,"minecraft:raw_copper":18,"minecraft:cocoa_beans":18,"chococraft:chocobo_feather":8,"minecraft:allium":18,"minecraft:spruce_planks":380,"minecraft:diamond_pickaxe":2,"minecraft:oak_sapling":2,"minecraft:spruce_log":6,"minecraft:stone_pickaxe":1,"chococraft:gysahl_green":4},"minecraft:used":{"minecraft:spruce_slab":74,"minecraft:poppy":1,"minecraft:chest":19,"minecraft:rotten_flesh":1,"minecraft:lily_of_the_valley":13,"minecraft:carrot":12,"minecraft:tuff":2,"minecraft:axolotl_bucket":1,"minecraft:netherite_shovel":51,"minecraft:lantern":8,"minecraft:grass_block":883,"minecraft:blue_orchid":12,"minecraft:dark_oak_slab":12,"minecraft:stone_bricks":274,"biomesoplenty:mahogany_sapling":3,"minecraft:furnace":6,"minecraft:oak_sapling":41,"minecraft:dark_oak_stairs":29,"minecraft:mossy_stone_bricks":35,"minecraft:stone_pickaxe":283,"minecraft:oak_planks":1796,"minecraft:wooden_pickaxe":34,"biomesoplenty:mahogany_door":8,"minecraft:stone_brick_wall":6,"waystones:waystone":3,"minecraft:bread":37,"minecraft:bone_meal":68,"biomesoplenty:mahogany_planks":15,"minecraft:netherite_sword":13,"minecraft:stone_sword":355,"minecraft:stone_shovel":325,"minecraft:spruce_planks":3222,"biomesoplenty:glowshroom":1,"vanillaplustools:stone_hammer":154,"minecraft:torch":108,"minecraft:dirt":2007,"scalinghealth:heart_crystal":2,"minecraft:granite":1,"minecraft:stone_brick_slab":77,"minecraft:wooden_axe":82,"minecraft:dark_oak_planks":107,"minecraft:red_tulip":13,"minecraft:iron_axe":540,"minecraft:oak_stairs":37,"tombstone:gift":2,"minecraft:wheat_seeds":48,"minecraft:water_bucket":33,"minecraft:dirt_path":59,"minecraft:cobblestone_slab":216,"biomesoplenty:mahogany_log":8,"farmersdelight:onion":3,"minecraft:vine":7,"minecraft:crafting_table":13,"vanillaplustools:stone_shovel":302,"minecraft:white_bed":2,"minecraft:wooden_hoe":65,"minecraft:diamond_pickaxe":109,"minecraft:iron_pickaxe":173,"minecraft:spruce_sapling":96,"minecraft:stone_axe":260,"minecraft:chiseled_stone_bricks":58,"minecraft:cobblestone":2242,"minecraft:cooked_porkchop":3,"minecraft:bucket":11}},"DataVersion":3120}