{"stats":{"minecraft:picked_up":{"minecraft:iron_chestplate":3,"minecraft:wheat":28,"minecraft:anvil":3,"minecraft:lead":4,"minecraft:diamond_sword":3,"minecraft:stone_brick_stairs":6,"minecraft:potion":5,"minecraft:enchanted_book":32,"vampirism:castle_block_dark_stone":1,"vampirism:pure_salt_water":2,"minecraft:dark_oak_trapdoor":4,"minecraft:polished_deepslate":1,"alexsmobs:gazelle_horn":3,"minecraft:string":44,"minecraft:raw_copper":8,"graveyard:candle_holder":2,"minecraft:iron_leggings":1,"vampirism:dark_spruce_planks":4,"minecraft:pufferfish":1,"minecraft:experience_bottle":1,"vampirism:cursed_spruce_planks":37,"minecraft:deepslate_tiles":2,"alexsmobs:emu_feather":2,"minecraft:diamond_leggings":5,"minecraft:cobbled_deepslate":314,"alexsmobs:banana":3,"minecraft:spruce_planks":396,"minecraft:cobblestone_slab":1,"minecraft:iron_pickaxe":10,"minecraft:enchanted_golden_apple":2,"minecraft:melon_slice":15,"minecraft:coal_block":40,"minecraft:iron_boots":2,"alexsmobs:leafcutter_ant_chamber":17,"minecraft:furnace":3,"tombstone:scroll_of_lightning_resistance":6,"artifacts:universal_attractor":1,"minecraft:stick":91,"minecraft:big_dripleaf":1,"minecraft:torch":27,"vanillaplustools:iron_shovel":3,"botania:black_mushroom":2,"minecraft:spruce_stairs":1,"minecraft:porkchop":23,"vampirism:holy_water_bottle_enhanced":2,"vampirism:amulet":1,"vampirism:vampire_fang":12,"tombstone:grave_dust":5,"minecraft:diorite":54,"minecraft:stone_sword":1,"vampirism:blood_bottle":14,"minecraft:rotten_flesh":39,"minecraft:iron_block":33,"alexsmobs:emu_egg":2,"chococraft:chocobo_drumstick_raw":2,"minecraft:obsidian":10,"minecraft:iron_bars":3,"minecraft:cod":8,"minecraft:snowball":48,"minecraft:cobblestone":1424,"minecraft:birch_log":1,"minecraft:mossy_cobblestone_slab":1,"vampirism:vampire_book":11,"minecraft:feather":7,"minecraft:andesite":24,"minecraft:jungle_log":78,"biomesoplenty:glowshroom":1,"minecraft:smoker":3,"minecraft:flint":2,"minecraft:tuff":222,"minecraft:wither_skeleton_skull":1,"botania:magenta_mushroom":3,"minecraft:lapis_lazuli":33,"minecraft:dirt":2021,"minecraft:lantern":4,"tombstone:familiar_receptacle":2,"minecraft:bone":20,"minecraft:chipped_anvil":1,"minecraft:wheat_seeds":264,"minecraft:raw_gold":60,"vampirism:pure_blood_1":12,"botania:gray_mushroom":1,"vampirism:item_garlic":3,"minecraft:bamboo":53,"minecraft:oak_planks":24,"botania:red_mystical_flower":2,"vampirism:cursed_spruce_log":1,"vampirism:dark_spruce_sapling":2,"minecraft:jungle_planks":1,"minecraft:stripped_spruce_log":1,"minecraft:trapped_chest":2,"minecraft:jungle_slab":9,"minecraft:dark_oak_log":274,"minecraft:barrel":1,"vampirism:pure_blood_0":9,"securitycraft:universal_block_remover":1,"minecraft:bundle":3,"blue_skies:pine_fruit_seeds":1,"minecraft:sugar":1,"minecraft:diamond":87,"minecraft:soul_lantern":2,"waystones:waystone":2,"minecraft:granite":22,"minecraft:golden_apple":2,"minecraft:emerald":182,"scalinghealth:cursed_heart":5,"minecraft:bread":43,"minecraft:rooted_dirt":1,"minecraft:oak_sapling":7,"minecraft:netherrack":2,"minecraft:diamond_pickaxe":2,"minecraft:cocoa_beans":2,"minecraft:coarse_dirt":14,"minecraft:crafting_table":9,"minecraft:clay_ball":12,"minecraft:chicken":1,"botania:white_mushroom":1,"vampirism:dark_spruce_log":13,"minecraft:wooden_pickaxe":1,"minecraft:gold_block":15,"minecraft:diamond_horse_armor":5,"minecraft:shield":1,"minecraft:moss_carpet":1,"minecraft:acacia_door":1,"graveyard:corruption":38,"minecraft:cartography_table":1,"vampirism:cursed_earth":5,"minecraft:beef":13,"scalinghealth:chance_heart":2,"minecraft:player_head":6,"minecraft:chest":1,"minecraft:spruce_trapdoor":6,"minecraft:diamond_hoe":1,"minecraft:egg":4,"minecraft:dark_oak_sapling":8,"minecraft:raw_iron":284,"minecraft:spruce_fence":1,"graveyard:dark_iron_bars":2,"minecraft:carrot":12,"minecraft:redstone":19,"alexsmobs:leafcutter_ant_pupa":4,"minecraft:jungle_sign":1,"minecraft:arrow":14,"vampirism:altar_inspiration":1,"minecraft:pumpkin_pie":24,"minecraft:jungle_stairs":1,"artifacts:cross_necklace":1,"minecraft:deepslate_bricks":2,"minecraft:hay_block":11,"minecraft:cracked_deepslate_bricks":2,"tombstone:essence_of_undeath":1,"minecraft:saddle":2,"minecraft:gold_ingot":16,"blue_skies:moonstone_shard":2,"minecraft:mutton":13,"biomesoplenty:orange_sand":64,"minecraft:white_wool":7,"vampirism:vampire_blood_bottle":36,"vampirism:item_tent":2,"minecraft:salmon":6,"minecraft:leather":13,"minecraft:oak_log":43,"minecraft:lily_pad":2,"scalinghealth:bandages":4,"minecraft:cobbled_deepslate_stairs":2,"securitycraft:keypad_chest":4,"minecraft:gunpowder":9,"scalinghealth:heart_crystal":7,"botania:black_mystical_flower":2,"chococraft:chocobo_feather":7,"vampirism:human_heart":6,"chococraft:gysahl_green":8,"minecraft:apple":4,"minecraft:stone_bricks":11,"minecraft:iron_ingot":3,"scalinghealth:power_crystal_shard":41,"minecraft:dark_oak_stairs":1,"vampirism:holy_water_bottle_ultimate":1,"minecraft:iron_sword":2,"minecraft:soul_sand":1,"minecraft:book":36,"blue_skies:winter_leaf_seeds":3,"scalinghealth:heart_crystal_shard":59,"minecraft:dark_oak_slab":2,"vampirism:fire_place":1,"minecraft:gravel":10,"chococraft:gysahl_green_seeds":3,"minecraft:spruce_sapling":66,"minecraft:blast_furnace":2,"minecraft:white_bed":5,"minecraft:spruce_log":1088,"minecraft:spider_eye":18,"vampirism:blood_container":1,"minecraft:stone_axe":1,"minecraft:iron_helmet":1,"minecraft:diamond_axe":2,"minecraft:gray_wool":51,"minecraft:terracotta":158,"vampirism:vampire_orchid":2,"tombstone:magic_scroll":11,"minecraft:black_wool":1,"minecraft:coal":443,"vampirism:coffin_white":3,"minecraft:ender_pearl":12},"minecraft:crafted":{"minecraft:smooth_stone":3,"minecraft:oak_planks":144,"minecraft:stone":523,"securitycraft:keypad_item":1,"minecraft:bookshelf":28,"minecraft:heavy_weighted_pressure_plate":1,"minecraft:cooked_mutton":9,"minecraft:dark_oak_door":3,"vanillaplustools:iron_hammer":1,"minecraft:stone_brick_slab":54,"minecraft:bow":1,"minecraft:iron_boots":1,"vampirism:altar_inspiration":1,"minecraft:chest":10,"minecraft:stone_bricks":512,"scalinghealth:power_crystal":4,"minecraft:smoker":2,"minecraft:glass_bottle":6,"minecraft:emerald":17,"minecraft:crafting_table":8,"minecraft:spruce_planks":1412,"minecraft:wooden_pickaxe":1,"minecraft:iron_helmet":2,"minecraft:gold_block":20,"minecraft:birch_planks":4,"minecraft:stone_brick_stairs":32,"minecraft:spruce_trapdoor":36,"minecraft:totem_of_undying":1,"minecraft:dark_oak_slab":6,"minecraft:iron_chestplate":1,"vampirism:dark_spruce_planks":52,"minecraft:diamond_pickaxe":1,"minecraft:charcoal":3,"minecraft:shield":3,"minecraft:stick":24,"minecraft:iron_ingot":403,"minecraft:stone_sword":1,"minecraft:iron_pickaxe":12,"vampirism:coffin_white":1,"minecraft:iron_block":29,"minecraft:gold_ingot":142,"minecraft:shears":1,"minecraft:wooden_sword":1,"minecraft:fishing_rod":1,"vampirism:cursed_spruce_planks":4,"minecraft:furnace":8,"minecraft:stone_button":8,"minecraft:blast_furnace":2,"minecraft:dark_oak_trapdoor":14,"minecraft:bone_meal":51,"minecraft:spruce_fence":6,"minecraft:spruce_stairs":68,"minecraft:iron_axe":2,"securitycraft:universal_block_remover":1,"minecraft:iron_hoe":1,"minecraft:stone_pickaxe":1,"minecraft:dark_oak_planks":256,"minecraft:wheat":62,"minecraft:cooked_beef":10,"minecraft:coal_block":11,"minecraft:diamond_sword":1,"minecraft:dark_oak_stairs":12,"minecraft:enchanting_table":1,"minecraft:iron_sword":2,"scalinghealth:heart_crystal":6,"minecraft:stone_axe":2,"minecraft:air":0,"minecraft:bread":4,"minecraft:jungle_planks":280,"minecraft:iron_shovel":6,"minecraft:iron_leggings":1,"chococraft:chocobo_saddle":1,"minecraft:white_bed":1,"vampirism:blood_container":2,"minecraft:torch":28,"minecraft:diamond_chestplate":1},"minecraft:dropped":{"minecraft:iron_sword":2,"minecraft:porkchop":8,"minecraft:diamond_axe":1,"vampirism:human_heart":1,"minecraft:glass_bottle":1,"minecraft:diamond":21,"vampirism:pure_blood_0":1,"vampirism:pure_blood_1":3,"minecraft:lantern":2,"vampirism:item_tent":2,"graveyard:corruption":1,"minecraft:cod":8,"minecraft:emerald":43,"minecraft:dirt":62,"minecraft:dark_oak_log":2,"minecraft:mutton":3,"farmersdelight:onion":4,"minecraft:pumpkin_pie":24,"scalinghealth:chance_heart":2,"minecraft:iron_pickaxe":3,"minecraft:white_wool":1,"minecraft:gold_ingot":8,"botania:magenta_mushroom":2,"minecraft:gravel":4,"minecraft:stone_axe":1,"minecraft:compass":1,"minecraft:cobbled_deepslate":6,"vampirism:vampire_orchid":2,"minecraft:rotten_flesh":13,"minecraft:oak_planks":10,"minecraft:salmon":6,"vampirism:vampire_blood_bottle":18,"vampirism:dark_spruce_planks":1,"vampirism:item_garlic":1,"minecraft:bread":1,"minecraft:enchanted_book":7,"minecraft:iron_ingot":4,"minecraft:wheat_seeds":149,"minecraft:cobbled_deepslate_stairs":2,"scalinghealth:cursed_heart":1,"vampirism:vampire_book":3,"minecraft:diamond_leggings":3,"minecraft:cobblestone":74,"minecraft:feather":1,"minecraft:book":3,"minecraft:granite":4,"vanillaplustools:iron_shovel":3,"minecraft:coal_block":14,"minecraft:stick":25,"minecraft:pufferfish":1,"minecraft:diamond_horse_armor":1,"minecraft:jungle_slab":1,"minecraft:diorite":5,"tombstone:magic_scroll":4,"chococraft:chocobo_drumstick_raw":1,"minecraft:melon_slice":15,"vampirism:cursed_earth":4,"minecraft:iron_leggings":1,"tombstone:scroll_of_lightning_resistance":4,"minecraft:iron_axe":1,"biomesoplenty:glowshroom":1,"minecraft:paper":2,"minecraft:string":2,"minecraft:lily_pad":2,"minecraft:spruce_sapling":4,"minecraft:polished_deepslate":1,"vampirism:fire_place":1,"minecraft:stone_sword":2,"minecraft:raw_copper":2,"minecraft:sculk_sensor":4,"blue_skies:moonstone_shard":2,"minecraft:diamond_sword":3,"securitycraft:universal_block_remover":1,"minecraft:stone":1,"minecraft:shield":3,"minecraft:spruce_planks":733,"minecraft:diamond_pickaxe":2,"minecraft:andesite":4,"minecraft:spider_eye":4,"minecraft:bamboo":11,"minecraft:wooden_pickaxe":1,"securitycraft:keypad_chest":1,"graveyard:dark_iron_bars":1,"minecraft:terracotta":158},"minecraft:custom":{"minecraft:interact_with_crafting_table":168,"minecraft:open_barrel":102,"goblintraders:trade_with_goblin":79,"minecraft:bell_ring":5,"minecraft:leave_game":12,"minecraft:time_since_death":81911,"minecraft:damage_resisted":1604,"minecraft:sprint_one_cm":2325080,"minecraft:damage_blocked_by_shield":2356,"minecraft:drop":336,"minecraft:talked_to_villager":2,"minecraft:play_time":1198850,"minecraft:deaths":7,"minecraft:jump":15911,"minecraft:walk_on_water_one_cm":110118,"minecraft:enchant_item":1,"tombstone:steal_effect":8,"minecraft:interact_with_furnace":98,"minecraft:traded_with_villager":11,"minecraft:interact_with_cartography_table":1,"minecraft:sleep_in_bed":26,"minecraft:waystone_activated":7,"tombstone:sneak_grave":3,"minecraft:damage_dealt":138927,"minecraft:crouch_one_cm":587341,"tombstone:undead_killed":68,"tombstone:villager_killed":1,"minecraft:interact_with_smoker":28,"minecraft:horse_one_cm":227304,"minecraft:interact_with_anvil":7,"minecraft:mob_kills":354,"minecraft:damage_dealt_resisted":6638,"minecraft:climb_one_cm":26639,"minecraft:walk_one_cm":2809033,"minecraft:sneak_time":102285,"minecraft:walk_under_water_one_cm":130603,"minecraft:interact_with_lectern":2,"minecraft:interact_with_blast_furnace":62,"minecraft:total_world_time":1198850,"vampirism:win_village_capture":1,"tombstone:raider_killed":34,"minecraft:time_since_rest":81789,"minecraft:damage_taken":225277,"minecraft:trigger_trapped_chest":4,"tombstone:cast_on_ally":1,"minecraft:swim_one_cm":71671,"minecraft:fly_one_cm":3780681,"minecraft:open_chest":646,"vampirism:defend_village":1,"minecraft:fish_caught":8,"minecraft:fall_one_cm":573653},"minecraft:mined":{"graveyard:hanged_skeleton":1,"minecraft:spruce_planks":42,"minecraft:white_bed":5,"biomesoplenty:glowshroom":1,"botania:red_mystical_flower":1,"minecraft:jungle_slab":7,"minecraft:jungle_leaves":19,"minecraft:sculk_vein":65,"alexsmobs:leafcutter_anthill":2,"graveyard:candle_holder":2,"minecraft:spruce_trapdoor":6,"minecraft:obsidian":10,"minecraft:cave_vines_plant":1,"minecraft:granite":44,"botania:black_mushroom":1,"minecraft:grass_block":1246,"vampirism:dark_spruce_log":13,"minecraft:jungle_log":24,"minecraft:coal_block":13,"minecraft:deepslate_bricks":2,"minecraft:spawner":6,"minecraft:sculk_catalyst":5,"minecraft:mossy_cobblestone_slab":1,"minecraft:dark_oak_trapdoor":4,"minecraft:iron_ore":264,"minecraft:fire":1,"minecraft:cobbled_deepslate":13,"minecraft:moss_carpet":1,"minecraft:anvil":3,"vampirism:tent":2,"minecraft:dark_oak_stairs":1,"minecraft:sculk_shrieker":11,"chococraft:gysahl_green":3,"minecraft:cave_vines":1,"scalinghealth:deepslate_power_crystal_ore":33,"minecraft:iron_bars":3,"minecraft:player_head":3,"minecraft:smoker":3,"minecraft:soul_lantern":2,"minecraft:powder_snow":1,"minecraft:clay":8,"minecraft:torch":10,"minecraft:jungle_stairs":1,"minecraft:blast_furnace":2,"minecraft:melon":3,"minecraft:chest":1,"minecraft:cobblestone":18,"botania:black_mystical_flower":1,"minecraft:wall_torch":6,"vampirism:dark_spruce_planks":4,"minecraft:dark_oak_slab":2,"minecraft:birch_log":1,"vampirism:dark_spruce_leaves":8,"minecraft:wheat":17,"minecraft:stone_brick_stairs":6,"minecraft:grass":119,"minecraft:oak_log":18,"minecraft:dirt":509,"minecraft:wither_skeleton_skull":1,"vampirism:castle_block_dark_stone":1,"minecraft:netherrack":2,"minecraft:oak_leaves":92,"minecraft:deepslate":327,"botania:magenta_mushroom":1,"vampirism:cursed_spruce_planks":1,"minecraft:deepslate_tiles":2,"scalinghealth:power_crystal_ore":2,"minecraft:tuff":220,"minecraft:light_blue_wool":2,"minecraft:dark_oak_leaves":8,"minecraft:deepslate_diamond_ore":42,"vampirism:altar_inspiration":1,"farmersdelight:wild_carrots":12,"minecraft:dark_oak_log":3,"minecraft:glow_lichen":1,"minecraft:spruce_fence":1,"vampirism:vampire_orchid":2,"alexsmobs:leafcutter_ant_chamber":21,"minecraft:spruce_leaves":224,"minecraft:moss_block":1,"minecraft:hay_block":11,"minecraft:redstone_ore":4,"minecraft:furnace":3,"minecraft:snow":10,"botania:white_mushroom":1,"minecraft:andesite":28,"minecraft:stripped_spruce_log":1,"minecraft:big_dripleaf_stem":1,"minecraft:polished_deepslate":1,"minecraft:bookshelf":12,"minecraft:deepslate_iron_ore":20,"minecraft:cobblestone_slab":1,"minecraft:vine":27,"minecraft:lantern":3,"minecraft:bamboo":5,"minecraft:stone":1468,"biomesoplenty:spider_egg":2,"scalinghealth:heart_crystal_ore":25,"vampirism:cursed_earth":3,"minecraft:podzol":238,"minecraft:hanging_roots":2,"minecraft:snow_block":13,"biomesoplenty:orange_sand":64,"vampirism:cursed_spruce_log":1,"vampirism:cursed_grass":1,"minecraft:crafting_table":10,"minecraft:emerald_ore":6,"vampirism:coffin_white":3,"minecraft:sculk_sensor":3,"minecraft:copper_ore":1,"minecraft:tall_grass":2,"minecraft:lapis_ore":5,"biomesoplenty:sprout":7,"minecraft:deepslate_gold_ore":57,"minecraft:cracked_deepslate_bricks":1,"minecraft:sculk":1170,"minecraft:diorite":78,"minecraft:spruce_stairs":1,"minecraft:gray_wool":53,"minecraft:coarse_dirt":16,"minecraft:ice":4,"minecraft:birch_leaves":2,"minecraft:spruce_log":124,"vampirism:cursed_roots":1,"minecraft:coal_ore":232,"vampirism:fire_place":1,"minecraft:gravel":22,"minecraft:acacia_door":1,"minecraft:cobweb":12,"minecraft:terracotta":158,"minecraft:stone_bricks":11,"minecraft:gold_ore":4,"minecraft:chipped_anvil":1,"minecraft:deepslate_emerald_ore":2,"minecraft:fern":22},"minecraft:broken":{"minecraft:iron_shovel":6,"minecraft:iron_boots":3,"minecraft:iron_chestplate":2,"minecraft:iron_leggings":1,"minecraft:stone_pickaxe":1,"minecraft:wooden_sword":1,"minecraft:stone_axe":1,"minecraft:iron_sword":1,"minecraft:wooden_pickaxe":1,"minecraft:diamond_axe":1,"minecraft:iron_axe":1,"minecraft:iron_pickaxe":9,"minecraft:iron_helmet":3},"minecraft:used":{"minecraft:iron_shovel":1762,"botania:magenta_mushroom":1,"minecraft:diamond_hoe":1157,"minecraft:chest":11,"minecraft:shield":68,"minecraft:iron_sword":411,"vampirism:blood_container":2,"minecraft:player_head":6,"minecraft:iron_chestplate":1,"vampirism:coffin_white":4,"securitycraft:keypad_item":1,"minecraft:jungle_planks":1,"minecraft:jungle_slab":8,"botania:black_mushroom":1,"minecraft:stripped_spruce_log":1,"minecraft:tuff":140,"minecraft:snowball":48,"vanillaplustools:iron_shovel":51,"minecraft:lantern":3,"minecraft:dark_oak_slab":3,"minecraft:stone_brick_stairs":18,"minecraft:stone_bricks":129,"vampirism:dark_spruce_planks":55,"minecraft:bow":2,"minecraft:written_book":1,"minecraft:furnace":8,"minecraft:egg":3,"minecraft:dark_oak_stairs":5,"minecraft:diorite":43,"vampirism:castle_block_dark_stone":1,"minecraft:stone_pickaxe":131,"minecraft:ender_pearl":1,"graveyard:dark_iron_bars":1,"minecraft:wooden_pickaxe":57,"minecraft:diamond_axe":966,"minecraft:dark_oak_trapdoor":14,"minecraft:blast_furnace":4,"scalinghealth:cursed_heart":2,"securitycraft:universal_block_remover":3,"minecraft:deepslate_tiles":2,"waystones:waystone":2,"minecraft:acacia_door":1,"scalinghealth:enchanted_heart":2,"minecraft:bread":10,"vampirism:cursed_earth":1,"minecraft:gravel":4,"minecraft:soul_lantern":2,"minecraft:diamond_sword":1600,"minecraft:wooden_sword":56,"minecraft:andesite":7,"minecraft:coarse_dirt":5,"minecraft:cobweb":3,"minecraft:bone_meal":36,"minecraft:experience_bottle":9,"minecraft:enchanting_table":1,"minecraft:stone_sword":21,"minecraft:cracked_deepslate_bricks":1,"securitycraft:keypad_chest":3,"minecraft:spruce_planks":598,"botania:black_mystical_flower":1,"minecraft:sculk":29,"minecraft:torch":38,"minecraft:dirt":1463,"scalinghealth:heart_crystal":13,"minecraft:anvil":3,"minecraft:spruce_stairs":28,"minecraft:spruce_fence":5,"minecraft:granite":18,"minecraft:iron_hoe":5,"minecraft:stone_brick_slab":4,"minecraft:dark_oak_planks":2,"minecraft:bookshelf":22,"minecraft:iron_axe":197,"minecraft:rooted_dirt":1,"minecraft:iron_boots":2,"scalinghealth:power_crystal":4,"minecraft:barrel":1,"minecraft:trapped_chest":2,"tombstone:gift":11,"minecraft:cobbled_deepslate":250,"minecraft:iron_leggings":1,"botania:gray_mushroom":1,"minecraft:wheat_seeds":8,"minecraft:cooked_mutton":9,"minecraft:water_bucket":17,"vampirism:altar_inspiration":2,"minecraft:bundle":1,"minecraft:glass_bottle":2,"scalinghealth:chance_heart":3,"minecraft:deepslate_bricks":2,"minecraft:crafting_table":17,"minecraft:dark_oak_door":1,"minecraft:white_bed":6,"minecraft:spruce_log":674,"botania:red_mystical_flower":1,"alexsmobs:leafcutter_ant_pupa":4,"minecraft:smoker":5,"tombstone:bag_of_seeds":2,"minecraft:oak_log":7,"minecraft:diamond_pickaxe":661,"minecraft:apple":1,"tombstone:magic_scroll":2,"minecraft:iron_pickaxe":2354,"minecraft:jungle_stairs":1,"minecraft:spruce_trapdoor":40,"minecraft:spruce_sapling":33,"minecraft:stone_axe":57,"minecraft:fishing_rod":13,"minecraft:cobblestone":363,"minecraft:potion":2,"minecraft:bucket":17,"alexsmobs:animal_dictionary":1,"minecraft:gray_wool":51,"minecraft:sculk_catalyst":2},"minecraft:killed_by":{"vampirism:hunter_trainer":1,"creeperoverhaul:cave_creeper":1,"graveyard:wraith":1,"vampirism:advanced_hunter":1,"minecraft:warden":2},"minecraft:killed":{"vampirism:vampire":40,"alexsmobs:hummingbird":2,"minecraft:cave_spider":4,"minecraft:witch":3,"vampirism:advanced_vampire":17,"minecraft:spider":25,"graveyard:wraith":23,"creeperoverhaul:bamboo_creeper":2,"minecraft:skeleton":9,"vampirism:blinding_bat":9,"graveyard:acolyte":2,"alexsmobs:leafcutter_ant":1,"graveyard:reaper":3,"minecraft:chicken":1,"alexsmobs:capuchin_monkey":1,"vampirism:advanced_hunter":7,"minecraft:skeleton_horse":1,"artifacts:mimic":3,"vampirism:vampire_baron":6,"minecraft:parrot":1,"vampirism:task_master_vampire":1,"vampirism:hunter":21,"minecraft:sheep":6,"minecraft:trader_llama":2,"minecraft:pillager":7,"minecraft:zombie":8,"graveyard:corrupted_pillager":15,"minecraft:cow":6,"mca:female_zombie_villager":1,"graveyard:nightmare":1,"graveyard:corrupted_vindicator":11,"graveyard:revenant":2,"minecraft:vindicator":23,"alexsmobs:gorilla":6,"minecraft:phantom":1,"graveyard:ghoul":23,"minecraft:wandering_trader":1,"alexsmobs:crow":1}},"DataVersion":3120}