{"stats":{"minecraft:killed_by":{"vampirism:hunter_trainer":1,"graveyard:wraith":1,"vampirism:advanced_hunter":1,"minecraft:warden":2},"minecraft:mined":{"biomesoplenty:glowshroom":1,"minecraft:spruce_planks":31,"minecraft:white_bed":4,"minecraft:jungle_slab":7,"graveyard:candle_holder":2,"minecraft:sculk_vein":12,"alexsmobs:leafcutter_anthill":2,"minecraft:jungle_leaves":19,"minecraft:obsidian":10,"minecraft:cave_vines_plant":1,"minecraft:granite":44,"botania:black_mushroom":1,"minecraft:grass_block":673,"minecraft:jungle_log":23,"minecraft:deepslate_bricks":2,"minecraft:coal_block":13,"minecraft:spawner":3,"minecraft:mossy_cobblestone_slab":1,"minecraft:iron_ore":198,"minecraft:cobbled_deepslate":11,"minecraft:fire":1,"minecraft:moss_carpet":1,"minecraft:anvil":2,"vampirism:tent":2,"minecraft:sculk_shrieker":7,"chococraft:gysahl_green":3,"minecraft:cave_vines":1,"minecraft:iron_bars":3,"scalinghealth:deepslate_power_crystal_ore":24,"minecraft:player_head":3,"minecraft:smoker":2,"minecraft:soul_lantern":1,"minecraft:powder_snow":1,"minecraft:clay":5,"minecraft:torch":10,"minecraft:jungle_stairs":1,"minecraft:blast_furnace":1,"minecraft:melon":3,"minecraft:cobblestone":9,"minecraft:wall_torch":6,"minecraft:birch_log":1,"vampirism:dark_spruce_leaves":5,"minecraft:wheat":17,"minecraft:grass":100,"minecraft:oak_log":18,"minecraft:dirt":243,"minecraft:netherrack":2,"minecraft:oak_leaves":64,"minecraft:deepslate":271,"botania:magenta_mushroom":1,"minecraft:deepslate_tiles":2,"minecraft:tuff":30,"minecraft:light_blue_wool":2,"minecraft:dark_oak_leaves":1,"minecraft:deepslate_diamond_ore":14,"farmersdelight:wild_carrots":12,"minecraft:dark_oak_log":2,"minecraft:glow_lichen":1,"vampirism:vampire_orchid":1,"alexsmobs:leafcutter_ant_chamber":21,"minecraft:spruce_leaves":124,"minecraft:moss_block":1,"minecraft:hay_block":11,"minecraft:furnace":2,"minecraft:snow":10,"botania:white_mushroom":1,"minecraft:andesite":21,"minecraft:big_dripleaf_stem":1,"minecraft:polished_deepslate":1,"minecraft:deepslate_iron_ore":18,"minecraft:cobblestone_slab":1,"minecraft:vine":24,"minecraft:lantern":3,"minecraft:bamboo":1,"biomesoplenty:spider_egg":1,"minecraft:stone":936,"scalinghealth:heart_crystal_ore":18,"biomesoplenty:orange_sand":64,"minecraft:snow_block":13,"vampirism:cursed_spruce_log":1,"minecraft:crafting_table":7,"minecraft:emerald_ore":5,"minecraft:sculk_sensor":1,"minecraft:tall_grass":2,"minecraft:copper_ore":1,"minecraft:deepslate_gold_ore":29,"biomesoplenty:sprout":7,"minecraft:lapis_ore":1,"minecraft:cracked_deepslate_bricks":1,"minecraft:sculk":6,"minecraft:diorite":57,"minecraft:spruce_stairs":1,"minecraft:gray_wool":53,"minecraft:coarse_dirt":16,"minecraft:spruce_log":13,"minecraft:birch_leaves":2,"vampirism:cursed_roots":1,"minecraft:coal_ore":192,"vampirism:fire_place":1,"minecraft:gravel":11,"minecraft:cobweb":9,"minecraft:terracotta":158,"minecraft:gold_ore":2,"minecraft:deepslate_emerald_ore":2,"minecraft:fern":19},"minecraft:picked_up":{"minecraft:iron_chestplate":2,"minecraft:wheat":14,"minecraft:anvil":2,"minecraft:lead":2,"minecraft:diamond_sword":1,"vampirism:pure_salt_water":1,"minecraft:polished_deepslate":1,"alexsmobs:gazelle_horn":3,"minecraft:string":18,"minecraft:raw_copper":2,"graveyard:candle_holder":2,"minecraft:experience_bottle":1,"minecraft:deepslate_tiles":2,"vampirism:cursed_spruce_planks":36,"alexsmobs:emu_feather":2,"alexsmobs:banana":3,"minecraft:cobbled_deepslate":253,"minecraft:spruce_planks":319,"minecraft:cobblestone_slab":1,"minecraft:iron_pickaxe":5,"minecraft:melon_slice":15,"minecraft:coal_block":12,"minecraft:furnace":2,"alexsmobs:leafcutter_ant_chamber":17,"minecraft:stick":38,"minecraft:big_dripleaf":1,"minecraft:torch":20,"botania:black_mushroom":1,"minecraft:spruce_stairs":1,"minecraft:porkchop":20,"vampirism:holy_water_bottle_enhanced":1,"vampirism:vampire_fang":5,"minecraft:diorite":54,"minecraft:stone_sword":1,"vampirism:blood_bottle":8,"minecraft:rotten_flesh":13,"alexsmobs:emu_egg":2,"chococraft:chocobo_drumstick_raw":2,"minecraft:obsidian":10,"minecraft:iron_bars":3,"minecraft:snowball":48,"minecraft:cobblestone":888,"minecraft:birch_log":1,"vampirism:vampire_book":3,"minecraft:mossy_cobblestone_slab":1,"minecraft:feather":6,"minecraft:andesite":17,"minecraft:jungle_log":75,"biomesoplenty:glowshroom":1,"minecraft:smoker":2,"minecraft:flint":2,"minecraft:tuff":33,"botania:magenta_mushroom":2,"minecraft:lapis_lazuli":4,"minecraft:dirt":933,"minecraft:lantern":4,"minecraft:bone":13,"minecraft:wheat_seeds":75,"minecraft:raw_gold":28,"minecraft:bamboo":9,"minecraft:oak_planks":21,"vampirism:cursed_spruce_log":1,"vampirism:dark_spruce_sapling":1,"minecraft:jungle_planks":1,"minecraft:dark_oak_log":2,"minecraft:jungle_slab":9,"minecraft:trapped_chest":1,"vampirism:pure_blood_0":1,"minecraft:bundle":2,"blue_skies:pine_fruit_seeds":1,"minecraft:sugar":1,"minecraft:diamond":14,"minecraft:soul_lantern":1,"waystones:waystone":2,"minecraft:granite":22,"minecraft:bread":43,"scalinghealth:cursed_heart":3,"minecraft:emerald":65,"minecraft:oak_sapling":3,"minecraft:netherrack":2,"minecraft:diamond_pickaxe":1,"minecraft:cocoa_beans":2,"minecraft:crafting_table":6,"minecraft:coarse_dirt":14,"minecraft:chicken":1,"botania:white_mushroom":1,"minecraft:wooden_pickaxe":1,"minecraft:diamond_horse_armor":1,"minecraft:shield":1,"minecraft:moss_carpet":1,"graveyard:corruption":35,"minecraft:beef":13,"minecraft:player_head":6,"minecraft:egg":1,"minecraft:raw_iron":219,"minecraft:carrot":12,"minecraft:redstone":1,"alexsmobs:leafcutter_ant_pupa":4,"minecraft:arrow":7,"minecraft:pumpkin_pie":24,"minecraft:jungle_stairs":1,"minecraft:deepslate_bricks":2,"minecraft:hay_block":11,"minecraft:cracked_deepslate_bricks":2,"minecraft:saddle":2,"blue_skies:moonstone_shard":2,"minecraft:mutton":13,"minecraft:white_wool":7,"biomesoplenty:orange_sand":64,"vampirism:vampire_blood_bottle":3,"vampirism:item_tent":2,"minecraft:leather":9,"minecraft:oak_log":37,"scalinghealth:bandages":3,"minecraft:gunpowder":8,"scalinghealth:heart_crystal":3,"chococraft:chocobo_feather":6,"chococraft:gysahl_green":8,"minecraft:apple":1,"scalinghealth:power_crystal_shard":23,"minecraft:iron_sword":2,"blue_skies:winter_leaf_seeds":3,"scalinghealth:heart_crystal_shard":40,"vampirism:fire_place":1,"minecraft:gravel":5,"minecraft:blast_furnace":1,"minecraft:spruce_sapling":7,"chococraft:gysahl_green_seeds":3,"minecraft:spruce_log":144,"minecraft:white_bed":4,"minecraft:spider_eye":9,"minecraft:stone_axe":1,"minecraft:iron_helmet":1,"minecraft:gray_wool":51,"minecraft:terracotta":158,"vampirism:vampire_orchid":1,"tombstone:magic_scroll":3,"minecraft:black_wool":1,"minecraft:coal":243},"minecraft:custom":{"minecraft:interact_with_crafting_table":92,"minecraft:open_barrel":59,"goblintraders:trade_with_goblin":37,"minecraft:leave_game":10,"minecraft:time_since_death":23870,"minecraft:damage_resisted":1154,"minecraft:sprint_one_cm":1352602,"minecraft:damage_blocked_by_shield":2291,"minecraft:drop":94,"minecraft:talked_to_villager":1,"minecraft:play_time":706006,"minecraft:deaths":5,"minecraft:jump":9634,"minecraft:walk_on_water_one_cm":71213,"minecraft:interact_with_furnace":48,"minecraft:sleep_in_bed":9,"minecraft:waystone_activated":6,"tombstone:sneak_grave":3,"minecraft:damage_dealt":63437,"minecraft:crouch_one_cm":386601,"tombstone:undead_killed":39,"minecraft:interact_with_smoker":23,"minecraft:horse_one_cm":227304,"minecraft:interact_with_anvil":2,"minecraft:mob_kills":211,"minecraft:damage_dealt_resisted":2907,"minecraft:climb_one_cm":14688,"minecraft:walk_one_cm":1519759,"minecraft:sneak_time":67937,"minecraft:walk_under_water_one_cm":119042,"minecraft:interact_with_blast_furnace":44,"minecraft:total_world_time":706006,"tombstone:raider_killed":32,"minecraft:time_since_rest":23574,"minecraft:damage_taken":200298,"minecraft:trigger_trapped_chest":1,"tombstone:cast_on_ally":1,"minecraft:swim_one_cm":71671,"minecraft:fly_one_cm":1524045,"minecraft:open_chest":299,"minecraft:fall_one_cm":351748},"minecraft:crafted":{"minecraft:oak_planks":120,"minecraft:smooth_stone":3,"minecraft:stone":3,"minecraft:cooked_mutton":9,"minecraft:bow":1,"minecraft:iron_boots":1,"vampirism:altar_inspiration":1,"minecraft:chest":8,"scalinghealth:power_crystal":2,"minecraft:smoker":2,"minecraft:glass_bottle":6,"minecraft:emerald":4,"minecraft:crafting_table":7,"minecraft:spruce_planks":574,"minecraft:wooden_pickaxe":1,"minecraft:iron_helmet":1,"minecraft:birch_planks":4,"minecraft:charcoal":3,"minecraft:iron_chestplate":1,"minecraft:diamond_pickaxe":1,"minecraft:shield":3,"minecraft:stick":24,"minecraft:iron_ingot":268,"minecraft:iron_pickaxe":3,"minecraft:stone_sword":1,"minecraft:gold_ingot":74,"minecraft:wooden_sword":1,"minecraft:furnace":7,"minecraft:blast_furnace":2,"minecraft:iron_axe":2,"minecraft:iron_hoe":1,"minecraft:stone_pickaxe":1,"minecraft:wheat":62,"minecraft:cooked_beef":10,"minecraft:coal_block":4,"minecraft:diamond_sword":1,"minecraft:iron_sword":2,"scalinghealth:heart_crystal":4,"minecraft:stone_axe":2,"minecraft:bread":4,"minecraft:air":0,"minecraft:jungle_planks":228,"minecraft:iron_shovel":4,"minecraft:iron_leggings":1,"chococraft:chocobo_saddle":1,"minecraft:white_bed":1,"vampirism:blood_container":2,"minecraft:torch":28},"minecraft:broken":{"minecraft:iron_shovel":4,"minecraft:iron_boots":1,"minecraft:iron_leggings":1,"minecraft:stone_pickaxe":1,"minecraft:wooden_sword":1,"minecraft:stone_axe":1,"minecraft:iron_sword":1,"minecraft:wooden_pickaxe":1,"minecraft:iron_axe":1,"minecraft:iron_pickaxe":7,"minecraft:iron_helmet":2},"minecraft:killed":{"vampirism:vampire":20,"minecraft:cave_spider":3,"minecraft:witch":2,"vampirism:advanced_vampire":10,"minecraft:spider":12,"graveyard:wraith":17,"minecraft:skeleton":8,"vampirism:blinding_bat":6,"graveyard:acolyte":1,"alexsmobs:leafcutter_ant":1,"graveyard:reaper":2,"alexsmobs:capuchin_monkey":1,"minecraft:chicken":1,"vampirism:advanced_hunter":3,"artifacts:mimic":1,"vampirism:vampire_baron":1,"vampirism:task_master_vampire":1,"minecraft:sheep":6,"minecraft:pillager":7,"minecraft:zombie":4,"graveyard:corrupted_pillager":15,"minecraft:cow":6,"graveyard:nightmare":1,"graveyard:corrupted_vindicator":11,"graveyard:revenant":2,"minecraft:vindicator":23,"graveyard:ghoul":8},"minecraft:dropped":{"minecraft:iron_sword":2,"minecraft:porkchop":8,"minecraft:glass_bottle":1,"minecraft:lantern":2,"vampirism:item_tent":2,"minecraft:emerald":43,"minecraft:dirt":54,"minecraft:dark_oak_log":2,"minecraft:mutton":3,"farmersdelight:onion":4,"minecraft:pumpkin_pie":24,"minecraft:iron_pickaxe":1,"minecraft:white_wool":1,"botania:magenta_mushroom":2,"minecraft:stone_axe":1,"minecraft:compass":1,"minecraft:cobbled_deepslate":1,"vampirism:vampire_orchid":1,"minecraft:rotten_flesh":1,"minecraft:oak_planks":8,"minecraft:bread":1,"minecraft:iron_ingot":3,"minecraft:wheat_seeds":1,"scalinghealth:cursed_heart":1,"minecraft:cobblestone":66,"minecraft:granite":4,"minecraft:stick":9,"minecraft:jungle_slab":1,"minecraft:diorite":5,"chococraft:chocobo_drumstick_raw":1,"minecraft:melon_slice":15,"minecraft:iron_leggings":1,"biomesoplenty:glowshroom":1,"minecraft:paper":2,"minecraft:string":1,"minecraft:spruce_sapling":4,"minecraft:polished_deepslate":1,"vampirism:fire_place":1,"minecraft:stone_sword":2,"minecraft:raw_copper":2,"minecraft:sculk_sensor":4,"blue_skies:moonstone_shard":2,"minecraft:diamond_sword":1,"minecraft:stone":1,"minecraft:shield":3,"minecraft:diamond_pickaxe":1,"minecraft:spruce_planks":733,"minecraft:andesite":4,"minecraft:bamboo":9,"minecraft:wooden_pickaxe":1,"minecraft:terracotta":158},"minecraft:used":{"minecraft:iron_shovel":1058,"minecraft:chest":8,"minecraft:shield":66,"minecraft:iron_sword":411,"vampirism:blood_container":1,"minecraft:player_head":4,"minecraft:iron_chestplate":1,"minecraft:jungle_planks":1,"minecraft:jungle_slab":8,"minecraft:tuff":28,"minecraft:snowball":48,"minecraft:lantern":2,"minecraft:bow":2,"minecraft:furnace":5,"minecraft:egg":1,"minecraft:diorite":43,"minecraft:stone_pickaxe":131,"minecraft:ender_pearl":1,"minecraft:wooden_pickaxe":57,"minecraft:blast_furnace":3,"scalinghealth:cursed_heart":2,"minecraft:deepslate_tiles":2,"waystones:waystone":2,"minecraft:bread":10,"minecraft:gravel":3,"minecraft:soul_lantern":1,"minecraft:diamond_sword":562,"minecraft:wooden_sword":56,"minecraft:andesite":5,"minecraft:coarse_dirt":5,"minecraft:cobweb":3,"minecraft:experience_bottle":9,"minecraft:stone_sword":21,"minecraft:cracked_deepslate_bricks":1,"minecraft:spruce_planks":70,"minecraft:sculk":19,"minecraft:torch":35,"minecraft:dirt":775,"scalinghealth:heart_crystal":7,"minecraft:anvil":2,"minecraft:spruce_stairs":1,"minecraft:granite":18,"minecraft:iron_hoe":5,"minecraft:iron_axe":190,"minecraft:iron_boots":1,"scalinghealth:power_crystal":2,"tombstone:gift":9,"minecraft:trapped_chest":1,"minecraft:cobbled_deepslate":208,"minecraft:iron_leggings":1,"minecraft:wheat_seeds":8,"minecraft:cooked_mutton":9,"vampirism:altar_inspiration":1,"minecraft:glass_bottle":2,"scalinghealth:chance_heart":3,"minecraft:deepslate_bricks":2,"minecraft:crafting_table":13,"minecraft:white_bed":5,"alexsmobs:leafcutter_ant_pupa":4,"minecraft:smoker":4,"tombstone:bag_of_seeds":2,"minecraft:oak_log":7,"minecraft:diamond_pickaxe":187,"minecraft:apple":1,"minecraft:iron_pickaxe":1778,"minecraft:jungle_stairs":1,"minecraft:spruce_sapling":1,"minecraft:stone_axe":57,"minecraft:cobblestone":238,"minecraft:potion":2,"alexsmobs:animal_dictionary":1,"minecraft:gray_wool":51,"minecraft:sculk_catalyst":2}},"DataVersion":3120}