{"stats":{"minecraft:used":{"minecraft:spruce_slab":10,"minecraft:chest":11,"vampirism:blood_container":2,"securitycraft:keypad_item":1,"minecraft:jungle_slab":8,"minecraft:cracked_deepslate_tiles":3,"botania:black_mushroom":1,"minecraft:snowball":48,"minecraft:stripped_spruce_log":11,"minecraft:lava_bucket":1,"minecraft:dark_oak_slab":3,"minecraft:stone_brick_stairs":23,"minecraft:bow":2,"vampirism:dark_spruce_planks":55,"minecraft:furnace":8,"minecraft:egg":5,"minecraft:diorite":43,"minecraft:spruce_door":2,"minecraft:wooden_pickaxe":57,"graveyard:dark_iron_bars":1,"minecraft:dark_oak_trapdoor":14,"minecraft:sand":1,"minecraft:blast_furnace":4,"scalinghealth:cursed_heart":2,"securitycraft:universal_block_remover":3,"minecraft:deepslate_tiles":9,"scalinghealth:enchanted_heart":2,"vampirism:cursed_earth":1,"minecraft:soul_lantern":2,"minecraft:diamond_sword":1905,"minecraft:wooden_sword":56,"minecraft:oak_trapdoor":4,"minecraft:enchanting_table":1,"minecraft:stone_sword":21,"botania:black_mystical_flower":1,"minecraft:torch":38,"minecraft:anvil":3,"minecraft:iron_axe":197,"minecraft:rooted_dirt":1,"minecraft:barrel":1,"minecraft:bamboo":1,"tombstone:gift":11,"minecraft:trapped_chest":2,"minecraft:cobbled_deepslate":258,"minecraft:wheat_seeds":8,"minecraft:water_bucket":17,"vampirism:altar_inspiration":2,"minecraft:bundle":1,"minecraft:deepslate_bricks":4,"minecraft:crafting_table":17,"minecraft:white_bed":6,"alexsmobs:leafcutter_ant_pupa":4,"minecraft:spruce_log":689,"minecraft:oak_log":43,"minecraft:diamond_pickaxe":661,"minecraft:diamond_shovel":114,"minecraft:iron_pickaxe":2401,"tombstone:magic_scroll":2,"minecraft:spruce_trapdoor":76,"minecraft:spruce_sapling":33,"minecraft:cobblestone":365,"minecraft:potion":2,"minecraft:glass_pane":38,"minecraft:iron_shovel":1816,"minecraft:polished_deepslate":2,"minecraft:diamond_hoe":3691,"botania:magenta_mushroom":1,"minecraft:shield":69,"minecraft:iron_sword":411,"minecraft:player_head":6,"minecraft:iron_chestplate":1,"vampirism:coffin_white":4,"minecraft:jungle_planks":1,"minecraft:tuff":143,"vanillaplustools:iron_shovel":51,"minecraft:glass":30,"minecraft:lantern":3,"minecraft:stone_bricks":170,"minecraft:written_book":1,"minecraft:dark_oak_stairs":7,"vampirism:castle_block_dark_stone":1,"minecraft:stone_pickaxe":131,"minecraft:oak_planks":1,"minecraft:ender_pearl":1,"minecraft:diamond_axe":1067,"waystones:waystone":2,"minecraft:acacia_door":1,"minecraft:bread":10,"minecraft:melon_slice":1,"minecraft:gravel":4,"minecraft:grindstone":1,"minecraft:andesite":7,"minecraft:coarse_dirt":5,"minecraft:bone_meal":36,"minecraft:experience_bottle":9,"minecraft:cobweb":3,"minecraft:cracked_deepslate_bricks":2,"securitycraft:keypad_chest":3,"minecraft:spruce_planks":620,"minecraft:sculk":29,"minecraft:dirt":1515,"scalinghealth:heart_crystal":19,"minecraft:spruce_stairs":32,"minecraft:spruce_fence":5,"minecraft:granite":18,"minecraft:iron_hoe":5,"minecraft:stone_brick_slab":4,"minecraft:dark_oak_planks":2,"minecraft:bookshelf":22,"minecraft:iron_boots":2,"scalinghealth:power_crystal":5,"minecraft:iron_leggings":1,"botania:gray_mushroom":2,"minecraft:cooked_mutton":9,"minecraft:glass_bottle":2,"scalinghealth:chance_heart":4,"botania:red_mystical_flower":1,"minecraft:smoker":5,"minecraft:dark_oak_door":1,"tombstone:bag_of_seeds":2,"minecraft:apple":1,"minecraft:jungle_stairs":1,"minecraft:stone_axe":57,"minecraft:fishing_rod":13,"minecraft:bucket":18,"alexsmobs:animal_dictionary":1,"minecraft:gray_wool":51,"minecraft:sculk_catalyst":2},"minecraft:custom":{"minecraft:interact_with_crafting_table":190,"minecraft:open_barrel":102,"goblintraders:trade_with_goblin":79,"minecraft:bell_ring":5,"minecraft:leave_game":16,"minecraft:time_since_death":337778,"minecraft:damage_blocked_by_shield":2376,"minecraft:play_time":1454717,"minecraft:deaths":7,"minecraft:jump":17441,"minecraft:enchant_item":4,"minecraft:interact_with_furnace":116,"minecraft:traded_with_villager":25,"minecraft:interact_with_cartography_table":1,"minecraft:sleep_in_bed":57,"minecraft:waystone_activated":7,"tombstone:sneak_grave":3,"minecraft:damage_dealt":166057,"tombstone:undead_killed":91,"minecraft:interact_with_smoker":28,"minecraft:horse_one_cm":227304,"minecraft:interact_with_anvil":9,"minecraft:sneak_time":111584,"minecraft:interact_with_lectern":2,"minecraft:interact_with_blast_furnace":62,"minecraft:total_world_time":1454717,"vampirism:win_village_capture":1,"tombstone:raider_killed":34,"minecraft:time_since_rest":1341,"tombstone:cast_on_ally":1,"minecraft:swim_one_cm":71671,"minecraft:fly_one_cm":5264498,"minecraft:open_chest":734,"minecraft:fish_caught":8,"minecraft:fall_one_cm":624195,"minecraft:damage_resisted":3808,"minecraft:sprint_one_cm":2828765,"minecraft:drop":430,"minecraft:talked_to_villager":2,"minecraft:walk_on_water_one_cm":116120,"tombstone:steal_effect":79,"minecraft:crouch_one_cm":592416,"tombstone:villager_killed":1,"minecraft:mob_kills":424,"minecraft:damage_dealt_resisted":8259,"minecraft:climb_one_cm":29879,"minecraft:walk_one_cm":3285431,"minecraft:walk_under_water_one_cm":132381,"minecraft:interact_with_grindstone":2,"minecraft:damage_taken":239061,"minecraft:trigger_trapped_chest":4,"vampirism:defend_village":1},"minecraft:broken":{"minecraft:iron_boots":3,"minecraft:iron_chestplate":2,"minecraft:iron_leggings":1,"minecraft:wooden_sword":1,"minecraft:iron_sword":1,"minecraft:wooden_pickaxe":1,"minecraft:iron_axe":1,"minecraft:iron_pickaxe":9,"minecraft:iron_helmet":3,"minecraft:iron_shovel":7,"minecraft:stone_pickaxe":1,"minecraft:stone_axe":1,"minecraft:diamond_axe":1},"minecraft:picked_up":{"minecraft:iron_chestplate":3,"minecraft:anvil":3,"minecraft:diamond_sword":4,"minecraft:lead":4,"minecraft:enchanted_book":32,"minecraft:polished_deepslate":3,"minecraft:string":60,"minecraft:dark_oak_trapdoor":4,"minecraft:pufferfish":1,"vampirism:obi_belt":1,"vampirism:cursed_spruce_planks":37,"alexsmobs:emu_feather":2,"minecraft:diamond_leggings":5,"minecraft:cobbled_deepslate":322,"minecraft:spruce_planks":400,"minecraft:enchanted_golden_apple":2,"minecraft:melon_slice":18,"minecraft:coal_block":40,"artifacts:universal_attractor":1,"minecraft:big_dripleaf":1,"vanillaplustools:iron_shovel":3,"vampirism:amulet":1,"minecraft:stone_sword":1,"vampirism:blood_bottle":20,"minecraft:iron_block":33,"minecraft:iron_bars":3,"minecraft:snowball":48,"minecraft:birch_log":1,"minecraft:mossy_cobblestone_slab":1,"minecraft:feather":7,"minecraft:jungle_log":78,"minecraft:smoker":3,"minecraft:flint":2,"minecraft:lantern":4,"tombstone:familiar_receptacle":2,"minecraft:chipped_anvil":1,"botania:red_mystical_flower":2,"vampirism:cursed_spruce_log":1,"minecraft:stripped_spruce_log":85,"minecraft:dark_oak_log":274,"minecraft:trapped_chest":2,"minecraft:barrel":1,"securitycraft:universal_block_remover":1,"minecraft:bundle":4,"minecraft:granite":22,"minecraft:bread":43,"minecraft:rooted_dirt":1,"alexsmobs:maggot":4,"minecraft:coarse_dirt":14,"minecraft:diamond_pickaxe":2,"minecraft:crafting_table":9,"vampirism:dark_spruce_log":13,"minecraft:clay_ball":12,"minecraft:acacia_door":1,"vampirism:cursed_earth":5,"minecraft:cartography_table":1,"minecraft:beef":13,"minecraft:spruce_slab":1,"minecraft:chest":1,"minecraft:diamond_hoe":3,"minecraft:egg":7,"minecraft:spruce_fence":1,"graveyard:dark_iron_bars":2,"minecraft:carrot":12,"minecraft:redstone":19,"minecraft:jungle_sign":1,"minecraft:deepslate_bricks":4,"minecraft:hay_block":11,"minecraft:cracked_deepslate_bricks":3,"tombstone:essence_of_undeath":1,"minecraft:gold_ingot":16,"blue_skies:moonstone_shard":2,"minecraft:mutton":13,"biomesoplenty:orange_sand":159,"minecraft:white_wool":7,"vampirism:vampire_blood_bottle":36,"vampirism:item_tent":2,"minecraft:oak_log":84,"minecraft:lily_pad":2,"scalinghealth:bandages":4,"chococraft:chocobo_feather":7,"chococraft:gysahl_green":8,"minecraft:apple":4,"minecraft:stone_bricks":12,"scalinghealth:power_crystal_shard":54,"minecraft:glass_bottle":6,"minecraft:iron_sword":2,"minecraft:dark_oak_stairs":1,"minecraft:dark_oak_slab":2,"vampirism:fire_place":1,"minecraft:gravel":10,"minecraft:spruce_sapling":66,"minecraft:spruce_log":1092,"minecraft:diamond_shovel":4,"vampirism:blood_container":1,"minecraft:stone_axe":1,"minecraft:diamond_axe":2,"minecraft:gray_wool":51,"vampirism:vampire_orchid":2,"minecraft:ender_pearl":13,"vampirism:coffin_white":3,"minecraft:wheat":28,"minecraft:potion":5,"minecraft:stone_brick_stairs":7,"vampirism:pure_salt_water":2,"vampirism:castle_block_dark_stone":1,"alexsmobs:gazelle_horn":3,"minecraft:raw_copper":8,"graveyard:candle_holder":2,"minecraft:iron_leggings":1,"vampirism:dark_spruce_planks":4,"minecraft:experience_bottle":1,"minecraft:deepslate_tiles":12,"alexsmobs:banana":3,"minecraft:cobblestone_slab":1,"minecraft:iron_pickaxe":10,"alexsmobs:leafcutter_ant_chamber":17,"minecraft:iron_boots":2,"minecraft:furnace":3,"tombstone:scroll_of_lightning_resistance":6,"minecraft:stick":91,"minecraft:torch":27,"minecraft:spruce_stairs":1,"botania:black_mushroom":2,"minecraft:porkchop":25,"vampirism:holy_water_bottle_enhanced":2,"minecraft:diorite":54,"tombstone:grave_dust":11,"vampirism:vampire_fang":13,"minecraft:rotten_flesh":94,"biomesoplenty:mahogany_sapling":1,"alexsmobs:emu_egg":2,"chococraft:chocobo_drumstick_raw":2,"minecraft:obsidian":10,"minecraft:cod":8,"minecraft:cobblestone":1426,"vampirism:vampire_book":11,"minecraft:andesite":24,"biomesoplenty:glowshroom":1,"minecraft:tuff":223,"minecraft:wither_skeleton_skull":1,"botania:magenta_mushroom":3,"minecraft:lapis_lazuli":33,"minecraft:dirt":2125,"minecraft:bone":41,"minecraft:bow":1,"minecraft:wheat_seeds":300,"minecraft:raw_gold":60,"vampirism:pure_blood_1":12,"botania:gray_mushroom":2,"vampirism:item_garlic":3,"minecraft:bamboo":54,"minecraft:oak_planks":25,"vampirism:dark_spruce_sapling":2,"graveyard:bone_dagger":2,"minecraft:jungle_planks":1,"minecraft:sand":54,"minecraft:jungle_slab":9,"vampirism:pure_blood_0":9,"blue_skies:pine_fruit_seeds":1,"minecraft:sugar":1,"minecraft:diamond":103,"minecraft:soul_lantern":2,"waystones:waystone":2,"minecraft:golden_apple":2,"scalinghealth:cursed_heart":7,"minecraft:emerald":182,"minecraft:oak_sapling":7,"minecraft:netherrack":2,"minecraft:cocoa_beans":2,"minecraft:chicken":1,"botania:white_mushroom":1,"minecraft:wooden_pickaxe":1,"minecraft:gold_block":15,"minecraft:diamond_horse_armor":5,"minecraft:shield":1,"minecraft:moss_carpet":1,"graveyard:corruption":90,"scalinghealth:chance_heart":3,"minecraft:player_head":6,"minecraft:spruce_trapdoor":6,"minecraft:dark_oak_sapling":8,"minecraft:raw_iron":284,"alexsmobs:leafcutter_ant_pupa":4,"minecraft:arrow":28,"minecraft:pumpkin_pie":24,"vampirism:altar_inspiration":1,"minecraft:jungle_stairs":1,"artifacts:cross_necklace":1,"minecraft:saddle":2,"minecraft:cracked_deepslate_tiles":6,"minecraft:salmon":6,"minecraft:leather":13,"securitycraft:keypad_chest":4,"minecraft:cobbled_deepslate_stairs":2,"minecraft:gunpowder":9,"scalinghealth:heart_crystal":11,"botania:light_blue_mystical_flower":4,"botania:black_mystical_flower":2,"vampirism:human_heart":6,"minecraft:iron_ingot":3,"vampirism:holy_water_bottle_ultimate":1,"minecraft:soul_sand":1,"minecraft:book":36,"blue_skies:winter_leaf_seeds":3,"scalinghealth:heart_crystal_shard":92,"chococraft:gysahl_green_seeds":3,"minecraft:blast_furnace":2,"minecraft:white_bed":5,"minecraft:spider_eye":27,"minecraft:iron_helmet":1,"minecraft:terracotta":158,"tombstone:magic_scroll":12,"minecraft:black_wool":1,"minecraft:coal":443},"minecraft:killed_by":{"vampirism:hunter_trainer":1,"vampirism:advanced_hunter":1,"minecraft:warden":2,"creeperoverhaul:cave_creeper":1,"graveyard:wraith":1},"minecraft:mined":{"minecraft:white_bed":5,"botania:red_mystical_flower":1,"graveyard:candle_holder":2,"alexsmobs:leafcutter_anthill":2,"minecraft:jungle_leaves":19,"minecraft:obsidian":10,"minecraft:granite":44,"minecraft:jungle_log":24,"minecraft:deepslate_bricks":4,"minecraft:coal_block":13,"minecraft:spawner":6,"minecraft:dark_oak_trapdoor":4,"minecraft:cobbled_deepslate":13,"minecraft:fire":1,"minecraft:moss_carpet":1,"minecraft:sculk_shrieker":18,"minecraft:cave_vines":1,"scalinghealth:deepslate_power_crystal_ore":33,"minecraft:player_head":3,"minecraft:smoker":3,"minecraft:powder_snow":1,"minecraft:torch":10,"minecraft:blast_furnace":2,"minecraft:melon":3,"botania:black_mystical_flower":1,"vampirism:dark_spruce_planks":4,"vampirism:dark_spruce_leaves":8,"minecraft:wheat":17,"minecraft:stone_brick_stairs":7,"minecraft:grass":119,"minecraft:deepslate":335,"vampirism:castle_block_dark_stone":1,"botania:magenta_mushroom":1,"minecraft:deepslate_tiles":12,"vampirism:cursed_spruce_planks":1,"minecraft:light_blue_wool":2,"vampirism:altar_inspiration":1,"farmersdelight:wild_carrots":12,"minecraft:dark_oak_log":3,"minecraft:spruce_fence":1,"alexsmobs:leafcutter_ant_chamber":21,"minecraft:moss_block":1,"minecraft:redstone_ore":4,"minecraft:snow":10,"minecraft:andesite":28,"minecraft:big_dripleaf_stem":1,"minecraft:cobblestone_slab":1,"minecraft:vine":27,"minecraft:bamboo":5,"vampirism:cursed_earth":3,"minecraft:hanging_roots":2,"vampirism:cursed_grass":1,"minecraft:emerald_ore":6,"vampirism:coffin_white":3,"minecraft:tall_grass":2,"minecraft:copper_ore":1,"minecraft:deepslate_gold_ore":57,"minecraft:cracked_deepslate_bricks":2,"minecraft:diorite":78,"minecraft:coarse_dirt":16,"graveyard:vase_block":2,"minecraft:spruce_log":127,"minecraft:birch_leaves":2,"vampirism:fire_place":1,"minecraft:gravel":23,"minecraft:acacia_door":1,"minecraft:cobweb":12,"minecraft:stone_bricks":12,"minecraft:chipped_anvil":1,"minecraft:gold_ore":4,"minecraft:deepslate_emerald_ore":2,"minecraft:fern":22,"biomesoplenty:glowshroom":1,"minecraft:spruce_planks":46,"graveyard:hanged_skeleton":1,"minecraft:jungle_slab":7,"minecraft:sculk_vein":223,"minecraft:cave_vines_plant":1,"minecraft:spruce_trapdoor":6,"botania:black_mushroom":1,"minecraft:grass_block":1250,"vampirism:dark_spruce_log":13,"minecraft:mossy_cobblestone_slab":1,"minecraft:sculk_catalyst":13,"minecraft:iron_ore":264,"minecraft:anvil":3,"vampirism:tent":2,"minecraft:dark_oak_stairs":1,"chococraft:gysahl_green":3,"minecraft:iron_bars":3,"minecraft:spruce_slab":1,"minecraft:soul_lantern":2,"minecraft:clay":8,"minecraft:jungle_stairs":1,"minecraft:chest":1,"minecraft:cobblestone":18,"minecraft:oak_planks":1,"minecraft:wall_torch":6,"minecraft:dark_oak_slab":2,"minecraft:birch_log":1,"minecraft:cracked_deepslate_tiles":6,"botania:gray_mushroom":1,"minecraft:oak_log":23,"minecraft:sand":54,"minecraft:dirt":525,"minecraft:wither_skeleton_skull":1,"minecraft:netherrack":2,"minecraft:oak_leaves":93,"minecraft:tuff":220,"scalinghealth:power_crystal_ore":2,"minecraft:dark_oak_leaves":8,"minecraft:deepslate_diamond_ore":56,"minecraft:glow_lichen":1,"vampirism:vampire_orchid":2,"minecraft:spruce_leaves":224,"minecraft:hay_block":11,"minecraft:furnace":3,"botania:white_mushroom":1,"minecraft:stripped_spruce_log":85,"minecraft:polished_deepslate":3,"minecraft:bookshelf":12,"minecraft:deepslate_iron_ore":20,"biomesoplenty:mahogany_leaves":2,"minecraft:lantern":3,"biomesoplenty:spider_egg":2,"minecraft:stone":1470,"scalinghealth:heart_crystal_ore":25,"minecraft:podzol":240,"biomesoplenty:orange_sand":158,"minecraft:snow_block":13,"vampirism:cursed_spruce_log":1,"minecraft:crafting_table":10,"minecraft:sculk_sensor":28,"biomesoplenty:sprout":9,"minecraft:lapis_ore":5,"minecraft:sculk":3507,"minecraft:spruce_stairs":1,"minecraft:gray_wool":53,"minecraft:ice":4,"vampirism:cursed_roots":1,"minecraft:coal_ore":232,"minecraft:terracotta":158},"minecraft:dropped":{"minecraft:iron_sword":2,"minecraft:porkchop":10,"vampirism:human_heart":1,"minecraft:glass_bottle":11,"minecraft:diamond":23,"vampirism:pure_blood_0":1,"vampirism:pure_blood_1":3,"vampirism:item_tent":2,"graveyard:corruption":1,"minecraft:emerald":43,"minecraft:dirt":73,"minecraft:cracked_deepslate_tiles":3,"scalinghealth:chance_heart":2,"minecraft:iron_pickaxe":3,"minecraft:white_wool":1,"minecraft:bone":4,"minecraft:stone_axe":1,"minecraft:compass":1,"minecraft:cobbled_deepslate":6,"minecraft:rotten_flesh":69,"minecraft:oak_planks":10,"minecraft:salmon":6,"minecraft:deepslate_tiles":3,"vampirism:vampire_blood_bottle":18,"vampirism:vampire_fang":3,"biomesoplenty:mahogany_sapling":1,"vampirism:dark_spruce_planks":1,"minecraft:egg":1,"vampirism:item_garlic":1,"minecraft:iron_ingot":4,"minecraft:enchanted_book":7,"minecraft:wheat_seeds":184,"minecraft:cobbled_deepslate_stairs":2,"vampirism:vampire_book":3,"minecraft:feather":1,"minecraft:cobblestone":74,"minecraft:book":3,"minecraft:granite":4,"graveyard:bone_dagger":2,"minecraft:coal_block":14,"botania:light_blue_mystical_flower":4,"minecraft:pufferfish":1,"minecraft:diamond_horse_armor":1,"minecraft:jungle_slab":1,"alexsmobs:leafcutter_ant_chamber":17,"vampirism:cursed_earth":4,"biomesoplenty:glowshroom":1,"minecraft:string":7,"minecraft:paper":2,"minecraft:lily_pad":2,"vampirism:med_chair":1,"minecraft:spruce_sapling":4,"minecraft:stone_sword":2,"minecraft:diamond_hoe":2,"scalinghealth:power_crystal_shard":6,"minecraft:diamond_sword":4,"minecraft:cobblestone_slab":1,"minecraft:stone":1,"minecraft:spruce_planks":733,"minecraft:diamond_pickaxe":2,"minecraft:spider_eye":6,"minecraft:bamboo":11,"minecraft:bow":1,"securitycraft:keypad_chest":1,"scalinghealth:bandages":3,"graveyard:dark_iron_bars":1,"minecraft:terracotta":158,"minecraft:diamond_axe":1,"minecraft:ender_pearl":1,"minecraft:lantern":2,"minecraft:cod":8,"minecraft:dark_oak_log":2,"minecraft:mutton":3,"farmersdelight:onion":4,"minecraft:pumpkin_pie":24,"botania:magenta_mushroom":2,"minecraft:gold_ingot":8,"minecraft:gravel":4,"vampirism:vampire_orchid":2,"vampirism:blood_bottle":2,"minecraft:diamond_shovel":4,"minecraft:bread":1,"scalinghealth:cursed_heart":3,"minecraft:diamond_leggings":3,"scalinghealth:heart_crystal_shard":14,"vanillaplustools:iron_shovel":3,"minecraft:stick":25,"minecraft:mossy_cobblestone_slab":1,"minecraft:diorite":5,"tombstone:magic_scroll":4,"chococraft:chocobo_drumstick_raw":1,"minecraft:melon_slice":17,"minecraft:iron_leggings":1,"tombstone:scroll_of_lightning_resistance":4,"minecraft:iron_axe":1,"minecraft:polished_deepslate":1,"alexsmobs:maggot":4,"vampirism:fire_place":2,"minecraft:raw_copper":2,"minecraft:sculk_sensor":4,"blue_skies:moonstone_shard":2,"securitycraft:universal_block_remover":1,"minecraft:shield":3,"minecraft:andesite":4,"minecraft:wooden_pickaxe":1},"minecraft:killed":{"vampirism:vampire":42,"minecraft:cave_spider":4,"vampirism:advanced_vampire":18,"graveyard:wraith":24,"minecraft:skeleton":14,"vampirism:blinding_bat":11,"graveyard:acolyte":19,"alexsmobs:leafcutter_ant":3,"minecraft:chicken":1,"alexsmobs:capuchin_monkey":3,"vampirism:advanced_hunter":7,"minecraft:skeleton_horse":5,"vampirism:vampire_baron":6,"minecraft:parrot":1,"minecraft:pillager":7,"minecraft:zombie":21,"minecraft:cow":6,"mca:female_zombie_villager":1,"graveyard:nightmare":2,"graveyard:corrupted_vindicator":11,"minecraft:vindicator":23,"alexsmobs:gorilla":12,"graveyard:ghoul":23,"minecraft:wandering_trader":1,"minecraft:enderman":1,"alexsmobs:hummingbird":2,"minecraft:witch":3,"minecraft:spider":31,"creeperoverhaul:bamboo_creeper":3,"graveyard:reaper":3,"artifacts:mimic":3,"vampirism:task_master_vampire":1,"vampirism:hunter":22,"minecraft:sheep":6,"minecraft:trader_llama":2,"graveyard:corrupted_pillager":15,"graveyard:revenant":2,"minecraft:phantom":1,"alexsmobs:crow":1},"minecraft:crafted":{"minecraft:smooth_stone":3,"securitycraft:keypad_item":1,"minecraft:diamond_shovel":1,"minecraft:bookshelf":28,"minecraft:cooked_mutton":9,"minecraft:glass":128,"vanillaplustools:iron_hammer":1,"scalinghealth:power_crystal":5,"minecraft:glass_bottle":6,"minecraft:emerald":29,"minecraft:diamond_axe":1,"minecraft:spruce_door":3,"minecraft:stone_brick_stairs":32,"vampirism:dark_spruce_planks":52,"minecraft:stone_slab":6,"minecraft:iron_pickaxe":12,"minecraft:iron_block":29,"minecraft:gold_ingot":142,"minecraft:bone_meal":51,"minecraft:spruce_fence":6,"minecraft:spruce_stairs":68,"securitycraft:universal_block_remover":1,"minecraft:spruce_slab":12,"minecraft:stone_pickaxe":1,"minecraft:dark_oak_planks":256,"minecraft:wheat":62,"minecraft:coal_block":11,"minecraft:enchanting_table":1,"minecraft:iron_shovel":6,"minecraft:iron_leggings":1,"chococraft:chocobo_saddle":1,"minecraft:white_bed":1,"minecraft:grindstone":1,"minecraft:oak_planks":144,"minecraft:stone":554,"minecraft:heavy_weighted_pressure_plate":1,"minecraft:dark_oak_door":3,"minecraft:stone_brick_slab":54,"minecraft:bow":1,"minecraft:iron_boots":1,"vampirism:altar_inspiration":1,"minecraft:chest":10,"minecraft:stone_bricks":540,"minecraft:smoker":2,"minecraft:crafting_table":8,"minecraft:spruce_planks":1424,"minecraft:wooden_pickaxe":1,"minecraft:iron_helmet":2,"minecraft:gold_block":20,"minecraft:birch_planks":4,"minecraft:spruce_trapdoor":76,"minecraft:totem_of_undying":2,"minecraft:dark_oak_slab":6,"minecraft:iron_chestplate":1,"minecraft:charcoal":3,"minecraft:diamond_pickaxe":1,"minecraft:shield":3,"minecraft:stick":24,"minecraft:iron_ingot":403,"vampirism:coffin_white":1,"minecraft:stone_sword":1,"minecraft:shears":1,"minecraft:wooden_sword":1,"minecraft:fishing_rod":1,"vampirism:cursed_spruce_planks":4,"minecraft:furnace":8,"minecraft:stone_button":8,"minecraft:blast_furnace":2,"minecraft:dark_oak_trapdoor":14,"minecraft:glass_pane":160,"minecraft:oak_trapdoor":6,"minecraft:iron_axe":2,"minecraft:iron_hoe":1,"minecraft:cooked_beef":10,"minecraft:diamond_sword":1,"minecraft:dark_oak_stairs":12,"minecraft:iron_sword":2,"scalinghealth:heart_crystal":8,"minecraft:bucket":1,"minecraft:stone_axe":2,"minecraft:bread":4,"minecraft:air":0,"minecraft:jungle_planks":280,"vampirism:blood_container":2,"minecraft:torch":28,"minecraft:diamond_chestplate":1}},"DataVersion":3120}