{"stats":{"minecraft:crafted":{"minecraft:oak_planks":144,"minecraft:smooth_stone":3,"minecraft:stone":11,"securitycraft:keypad_item":1,"minecraft:bookshelf":28,"minecraft:heavy_weighted_pressure_plate":1,"minecraft:cooked_mutton":9,"minecraft:bow":1,"minecraft:iron_boots":1,"vampirism:altar_inspiration":1,"minecraft:chest":8,"scalinghealth:power_crystal":3,"minecraft:smoker":2,"minecraft:glass_bottle":6,"minecraft:emerald":8,"minecraft:crafting_table":7,"minecraft:spruce_planks":990,"minecraft:wooden_pickaxe":1,"minecraft:iron_helmet":2,"minecraft:gold_block":15,"minecraft:birch_planks":4,"vampirism:dark_spruce_planks":52,"minecraft:charcoal":3,"minecraft:iron_chestplate":1,"minecraft:diamond_pickaxe":1,"minecraft:shield":3,"minecraft:stick":24,"minecraft:iron_ingot":330,"minecraft:iron_pickaxe":3,"vampirism:coffin_white":1,"minecraft:iron_block":29,"minecraft:stone_sword":1,"minecraft:gold_ingot":98,"minecraft:shears":1,"minecraft:wooden_sword":1,"minecraft:fishing_rod":1,"vampirism:cursed_spruce_planks":4,"minecraft:furnace":7,"minecraft:stone_button":8,"minecraft:blast_furnace":2,"minecraft:bone_meal":51,"minecraft:iron_axe":2,"securitycraft:universal_block_remover":1,"minecraft:iron_hoe":1,"minecraft:stone_pickaxe":1,"minecraft:wheat":62,"minecraft:cooked_beef":10,"minecraft:coal_block":11,"minecraft:diamond_sword":1,"minecraft:enchanting_table":1,"minecraft:iron_sword":2,"scalinghealth:heart_crystal":6,"minecraft:stone_axe":2,"minecraft:bread":4,"minecraft:air":0,"minecraft:jungle_planks":280,"minecraft:iron_shovel":6,"minecraft:iron_leggings":1,"chococraft:chocobo_saddle":1,"minecraft:white_bed":1,"vampirism:blood_container":2,"minecraft:torch":28},"minecraft:custom":{"minecraft:interact_with_crafting_table":133,"minecraft:open_barrel":89,"goblintraders:trade_with_goblin":79,"minecraft:bell_ring":5,"minecraft:leave_game":11,"minecraft:time_since_death":305286,"minecraft:damage_resisted":1154,"minecraft:sprint_one_cm":2054621,"minecraft:damage_blocked_by_shield":2356,"minecraft:drop":224,"minecraft:talked_to_villager":2,"minecraft:play_time":987422,"minecraft:deaths":5,"minecraft:jump":14146,"minecraft:walk_on_water_one_cm":96754,"minecraft:interact_with_furnace":63,"minecraft:interact_with_cartography_table":1,"minecraft:sleep_in_bed":19,"minecraft:waystone_activated":7,"tombstone:sneak_grave":3,"minecraft:damage_dealt":114328,"minecraft:crouch_one_cm":513245,"tombstone:undead_killed":59,"minecraft:interact_with_smoker":27,"minecraft:horse_one_cm":227304,"minecraft:interact_with_anvil":4,"minecraft:mob_kills":310,"minecraft:damage_dealt_resisted":5799,"minecraft:climb_one_cm":21227,"minecraft:walk_one_cm":2368418,"minecraft:sneak_time":86659,"minecraft:walk_under_water_one_cm":125637,"minecraft:interact_with_lectern":1,"minecraft:interact_with_blast_furnace":55,"minecraft:total_world_time":987422,"vampirism:win_village_capture":1,"tombstone:raider_killed":33,"minecraft:time_since_rest":1614,"minecraft:damage_taken":214605,"minecraft:trigger_trapped_chest":4,"tombstone:cast_on_ally":1,"minecraft:swim_one_cm":71671,"minecraft:fly_one_cm":2375799,"minecraft:open_chest":526,"vampirism:defend_village":1,"minecraft:fish_caught":8,"minecraft:fall_one_cm":499689},"minecraft:mined":{"graveyard:hanged_skeleton":1,"biomesoplenty:glowshroom":1,"minecraft:spruce_planks":41,"minecraft:white_bed":5,"botania:red_mystical_flower":1,"minecraft:jungle_slab":7,"minecraft:sculk_vein":17,"alexsmobs:leafcutter_anthill":2,"minecraft:jungle_leaves":19,"graveyard:candle_holder":2,"minecraft:obsidian":10,"minecraft:cave_vines_plant":1,"minecraft:granite":44,"botania:black_mushroom":1,"minecraft:grass_block":1245,"vampirism:dark_spruce_log":13,"minecraft:jungle_log":24,"minecraft:deepslate_bricks":2,"minecraft:coal_block":13,"minecraft:spawner":4,"minecraft:mossy_cobblestone_slab":1,"minecraft:iron_ore":221,"minecraft:cobbled_deepslate":12,"minecraft:fire":1,"minecraft:moss_carpet":1,"minecraft:anvil":3,"vampirism:tent":2,"minecraft:sculk_shrieker":11,"chococraft:gysahl_green":3,"minecraft:cave_vines":1,"scalinghealth:deepslate_power_crystal_ore":27,"minecraft:iron_bars":3,"minecraft:player_head":3,"minecraft:smoker":3,"minecraft:soul_lantern":2,"minecraft:powder_snow":1,"minecraft:clay":5,"minecraft:torch":10,"minecraft:jungle_stairs":1,"minecraft:blast_furnace":2,"minecraft:melon":3,"minecraft:cobblestone":13,"botania:black_mystical_flower":1,"minecraft:wall_torch":6,"vampirism:dark_spruce_planks":4,"minecraft:birch_log":1,"vampirism:dark_spruce_leaves":8,"minecraft:wheat":17,"minecraft:grass":116,"minecraft:oak_log":18,"minecraft:dirt":507,"minecraft:netherrack":2,"vampirism:cursed_spruce_planks":1,"minecraft:oak_leaves":92,"minecraft:deepslate":301,"botania:magenta_mushroom":1,"minecraft:deepslate_tiles":2,"minecraft:tuff":33,"minecraft:light_blue_wool":2,"minecraft:dark_oak_leaves":1,"minecraft:deepslate_diamond_ore":21,"vampirism:altar_inspiration":1,"farmersdelight:wild_carrots":12,"minecraft:dark_oak_log":2,"minecraft:glow_lichen":1,"minecraft:spruce_fence":1,"vampirism:vampire_orchid":2,"alexsmobs:leafcutter_ant_chamber":21,"minecraft:spruce_leaves":168,"minecraft:moss_block":1,"minecraft:hay_block":11,"minecraft:redstone_ore":4,"minecraft:furnace":3,"minecraft:snow":10,"botania:white_mushroom":1,"minecraft:andesite":28,"minecraft:big_dripleaf_stem":1,"minecraft:polished_deepslate":1,"minecraft:bookshelf":11,"minecraft:deepslate_iron_ore":18,"minecraft:cobblestone_slab":1,"minecraft:vine":27,"minecraft:lantern":3,"minecraft:bamboo":1,"biomesoplenty:spider_egg":2,"minecraft:stone":1376,"scalinghealth:heart_crystal_ore":22,"minecraft:podzol":238,"minecraft:hanging_roots":2,"biomesoplenty:orange_sand":64,"minecraft:snow_block":13,"vampirism:cursed_spruce_log":1,"minecraft:crafting_table":8,"minecraft:emerald_ore":6,"vampirism:coffin_white":3,"minecraft:sculk_sensor":3,"minecraft:tall_grass":2,"minecraft:copper_ore":1,"minecraft:deepslate_gold_ore":32,"biomesoplenty:sprout":7,"minecraft:lapis_ore":1,"minecraft:cracked_deepslate_bricks":1,"minecraft:sculk":65,"minecraft:diorite":78,"minecraft:spruce_stairs":1,"minecraft:gray_wool":53,"minecraft:coarse_dirt":16,"minecraft:ice":4,"minecraft:spruce_log":121,"minecraft:birch_leaves":2,"vampirism:cursed_roots":1,"minecraft:coal_ore":228,"vampirism:fire_place":1,"minecraft:gravel":22,"minecraft:acacia_door":1,"minecraft:cobweb":11,"minecraft:terracotta":158,"minecraft:chipped_anvil":1,"minecraft:gold_ore":4,"minecraft:deepslate_emerald_ore":2,"minecraft:fern":21},"minecraft:killed_by":{"vampirism:hunter_trainer":1,"graveyard:wraith":1,"vampirism:advanced_hunter":1,"minecraft:warden":2},"minecraft:killed":{"alexsmobs:hummingbird":1,"vampirism:vampire":38,"minecraft:cave_spider":4,"minecraft:witch":2,"vampirism:advanced_vampire":16,"minecraft:spider":20,"graveyard:wraith":23,"creeperoverhaul:bamboo_creeper":1,"minecraft:skeleton":8,"vampirism:blinding_bat":9,"graveyard:acolyte":1,"alexsmobs:leafcutter_ant":1,"graveyard:reaper":3,"minecraft:chicken":1,"alexsmobs:capuchin_monkey":1,"vampirism:advanced_hunter":4,"minecraft:skeleton_horse":1,"artifacts:mimic":1,"vampirism:vampire_baron":6,"minecraft:parrot":1,"vampirism:task_master_vampire":1,"vampirism:hunter":14,"minecraft:sheep":6,"minecraft:pillager":7,"minecraft:zombie":5,"graveyard:corrupted_pillager":15,"minecraft:cow":6,"graveyard:nightmare":1,"graveyard:corrupted_vindicator":11,"graveyard:revenant":2,"minecraft:vindicator":23,"minecraft:phantom":1,"graveyard:ghoul":19,"alexsmobs:crow":1},"minecraft:picked_up":{"minecraft:iron_chestplate":3,"minecraft:wheat":28,"minecraft:anvil":3,"minecraft:lead":2,"minecraft:diamond_sword":1,"minecraft:potion":4,"minecraft:enchanted_book":32,"vampirism:pure_salt_water":1,"minecraft:polished_deepslate":1,"alexsmobs:gazelle_horn":3,"minecraft:string":35,"minecraft:raw_copper":8,"graveyard:candle_holder":2,"minecraft:iron_leggings":1,"vampirism:dark_spruce_planks":4,"minecraft:pufferfish":1,"minecraft:experience_bottle":1,"minecraft:diamond_leggings":5,"minecraft:deepslate_tiles":2,"vampirism:cursed_spruce_planks":37,"alexsmobs:emu_feather":2,"alexsmobs:banana":3,"minecraft:cobbled_deepslate":286,"minecraft:spruce_planks":329,"minecraft:cobblestone_slab":1,"minecraft:enchanted_golden_apple":2,"minecraft:iron_pickaxe":10,"minecraft:iron_boots":2,"minecraft:melon_slice":15,"minecraft:coal_block":40,"minecraft:furnace":3,"alexsmobs:leafcutter_ant_chamber":17,"tombstone:scroll_of_lightning_resistance":6,"minecraft:stick":79,"minecraft:big_dripleaf":1,"vanillaplustools:iron_shovel":1,"minecraft:torch":27,"botania:black_mushroom":1,"minecraft:spruce_stairs":1,"minecraft:porkchop":23,"vampirism:holy_water_bottle_enhanced":2,"tombstone:grave_dust":5,"vampirism:vampire_fang":10,"minecraft:diorite":54,"minecraft:stone_sword":1,"vampirism:blood_bottle":13,"minecraft:rotten_flesh":28,"minecraft:iron_block":33,"alexsmobs:emu_egg":2,"chococraft:chocobo_drumstick_raw":2,"minecraft:obsidian":10,"minecraft:iron_bars":3,"minecraft:cod":8,"minecraft:snowball":48,"minecraft:cobblestone":1328,"minecraft:birch_log":1,"minecraft:mossy_cobblestone_slab":1,"vampirism:vampire_book":11,"minecraft:feather":7,"minecraft:andesite":24,"minecraft:jungle_log":78,"biomesoplenty:glowshroom":1,"minecraft:smoker":3,"minecraft:flint":2,"minecraft:tuff":36,"botania:magenta_mushroom":2,"tombstone:familiar_receptacle":2,"minecraft:lapis_lazuli":4,"minecraft:dirt":1999,"minecraft:lantern":4,"minecraft:bone":17,"minecraft:chipped_anvil":1,"minecraft:wheat_seeds":118,"minecraft:raw_gold":35,"vampirism:pure_blood_1":12,"vampirism:item_garlic":1,"minecraft:bamboo":11,"minecraft:oak_planks":24,"botania:red_mystical_flower":2,"vampirism:cursed_spruce_log":1,"vampirism:dark_spruce_sapling":2,"minecraft:jungle_planks":1,"securitycraft:universal_block_remover":1,"minecraft:trapped_chest":2,"minecraft:jungle_slab":9,"minecraft:dark_oak_log":2,"minecraft:barrel":1,"vampirism:pure_blood_0":9,"minecraft:bundle":3,"blue_skies:pine_fruit_seeds":1,"minecraft:sugar":1,"minecraft:diamond":66,"minecraft:soul_lantern":2,"waystones:waystone":2,"minecraft:granite":22,"minecraft:golden_apple":2,"minecraft:emerald":182,"scalinghealth:cursed_heart":3,"minecraft:bread":43,"minecraft:rooted_dirt":1,"minecraft:oak_sapling":7,"minecraft:netherrack":2,"minecraft:diamond_pickaxe":1,"minecraft:cocoa_beans":2,"minecraft:coarse_dirt":14,"minecraft:crafting_table":7,"minecraft:chicken":1,"botania:white_mushroom":1,"vampirism:dark_spruce_log":13,"minecraft:wooden_pickaxe":1,"minecraft:gold_block":15,"minecraft:diamond_horse_armor":5,"minecraft:shield":1,"minecraft:moss_carpet":1,"minecraft:acacia_door":1,"graveyard:corruption":36,"vampirism:cursed_earth":1,"minecraft:cartography_table":1,"minecraft:beef":13,"minecraft:player_head":6,"minecraft:diamond_hoe":1,"minecraft:egg":2,"minecraft:raw_iron":242,"minecraft:spruce_fence":1,"minecraft:carrot":12,"minecraft:redstone":18,"alexsmobs:leafcutter_ant_pupa":4,"minecraft:jungle_sign":1,"minecraft:arrow":7,"vampirism:altar_inspiration":1,"minecraft:pumpkin_pie":24,"minecraft:jungle_stairs":1,"minecraft:deepslate_bricks":2,"minecraft:hay_block":11,"minecraft:gold_ingot":16,"tombstone:essence_of_undeath":1,"minecraft:cracked_deepslate_bricks":2,"minecraft:saddle":2,"blue_skies:moonstone_shard":2,"minecraft:mutton":13,"minecraft:white_wool":7,"biomesoplenty:orange_sand":64,"vampirism:vampire_blood_bottle":36,"vampirism:item_tent":2,"minecraft:salmon":6,"minecraft:leather":9,"minecraft:oak_log":43,"minecraft:lily_pad":2,"scalinghealth:bandages":3,"securitycraft:keypad_chest":4,"minecraft:gunpowder":8,"scalinghealth:heart_crystal":5,"botania:black_mystical_flower":2,"chococraft:chocobo_feather":6,"vampirism:human_heart":3,"chococraft:gysahl_green":8,"minecraft:apple":1,"minecraft:iron_ingot":3,"scalinghealth:power_crystal_shard":31,"vampirism:holy_water_bottle_ultimate":1,"minecraft:soul_sand":1,"minecraft:iron_sword":2,"minecraft:book":33,"blue_skies:winter_leaf_seeds":3,"scalinghealth:heart_crystal_shard":54,"vampirism:fire_place":1,"minecraft:gravel":10,"minecraft:blast_furnace":2,"minecraft:spruce_sapling":48,"chococraft:gysahl_green_seeds":3,"minecraft:spruce_log":949,"minecraft:white_bed":5,"minecraft:spider_eye":11,"vampirism:blood_container":1,"minecraft:stone_axe":1,"minecraft:iron_helmet":1,"minecraft:diamond_axe":2,"minecraft:gray_wool":51,"minecraft:terracotta":158,"vampirism:vampire_orchid":2,"tombstone:magic_scroll":11,"minecraft:black_wool":1,"minecraft:coal":439,"minecraft:ender_pearl":12,"vampirism:coffin_white":3},"minecraft:broken":{"minecraft:iron_shovel":6,"minecraft:iron_boots":2,"minecraft:iron_chestplate":1,"minecraft:iron_leggings":1,"minecraft:stone_pickaxe":1,"minecraft:wooden_sword":1,"minecraft:stone_axe":1,"minecraft:iron_sword":1,"minecraft:wooden_pickaxe":1,"minecraft:iron_axe":1,"minecraft:iron_pickaxe":9,"minecraft:iron_helmet":3},"minecraft:dropped":{"minecraft:diamond_axe":1,"minecraft:iron_sword":2,"minecraft:porkchop":8,"vampirism:human_heart":1,"minecraft:diamond":21,"minecraft:glass_bottle":1,"vampirism:pure_blood_1":3,"vampirism:pure_blood_0":1,"minecraft:lantern":2,"vampirism:item_tent":2,"graveyard:corruption":1,"minecraft:cod":8,"minecraft:emerald":43,"minecraft:dirt":62,"minecraft:dark_oak_log":2,"minecraft:mutton":3,"farmersdelight:onion":4,"minecraft:pumpkin_pie":24,"minecraft:iron_pickaxe":3,"minecraft:white_wool":1,"minecraft:gold_ingot":8,"botania:magenta_mushroom":2,"minecraft:gravel":4,"minecraft:stone_axe":1,"minecraft:compass":1,"minecraft:cobbled_deepslate":1,"vampirism:vampire_orchid":2,"minecraft:rotten_flesh":7,"minecraft:oak_planks":10,"minecraft:salmon":6,"vampirism:vampire_blood_bottle":18,"vampirism:dark_spruce_planks":1,"minecraft:enchanted_book":7,"vampirism:item_garlic":1,"minecraft:bread":1,"minecraft:iron_ingot":4,"minecraft:wheat_seeds":1,"vampirism:vampire_book":3,"scalinghealth:cursed_heart":1,"minecraft:diamond_leggings":3,"minecraft:feather":1,"minecraft:cobblestone":74,"minecraft:granite":4,"minecraft:coal_block":14,"minecraft:stick":25,"minecraft:pufferfish":1,"minecraft:diamond_horse_armor":1,"minecraft:jungle_slab":1,"minecraft:diorite":5,"tombstone:magic_scroll":4,"chococraft:chocobo_drumstick_raw":1,"minecraft:melon_slice":15,"minecraft:iron_leggings":1,"tombstone:scroll_of_lightning_resistance":4,"minecraft:iron_axe":1,"biomesoplenty:glowshroom":1,"minecraft:paper":2,"minecraft:string":1,"minecraft:lily_pad":2,"minecraft:spruce_sapling":4,"minecraft:polished_deepslate":1,"vampirism:fire_place":1,"minecraft:stone_sword":2,"minecraft:raw_copper":2,"minecraft:sculk_sensor":4,"blue_skies:moonstone_shard":2,"securitycraft:universal_block_remover":1,"minecraft:diamond_sword":1,"minecraft:stone":1,"minecraft:shield":3,"minecraft:spruce_planks":733,"minecraft:diamond_pickaxe":1,"minecraft:andesite":4,"minecraft:bamboo":11,"minecraft:wooden_pickaxe":1,"securitycraft:keypad_chest":1,"minecraft:terracotta":158},"minecraft:used":{"minecraft:iron_shovel":1753,"minecraft:chest":8,"minecraft:shield":68,"minecraft:iron_sword":411,"vampirism:blood_container":2,"minecraft:player_head":6,"minecraft:iron_chestplate":1,"vampirism:coffin_white":4,"securitycraft:keypad_item":1,"minecraft:jungle_planks":1,"minecraft:jungle_slab":8,"minecraft:tuff":36,"minecraft:snowball":48,"vanillaplustools:iron_shovel":51,"minecraft:lantern":2,"vampirism:dark_spruce_planks":55,"minecraft:bow":2,"minecraft:written_book":1,"minecraft:furnace":6,"minecraft:egg":2,"minecraft:diorite":43,"minecraft:stone_pickaxe":131,"minecraft:ender_pearl":1,"minecraft:wooden_pickaxe":57,"minecraft:diamond_axe":437,"minecraft:blast_furnace":4,"scalinghealth:cursed_heart":2,"securitycraft:universal_block_remover":3,"minecraft:deepslate_tiles":2,"waystones:waystone":2,"minecraft:acacia_door":1,"minecraft:bread":10,"vampirism:cursed_earth":1,"minecraft:gravel":4,"minecraft:soul_lantern":2,"minecraft:diamond_sword":1300,"minecraft:wooden_sword":56,"minecraft:andesite":7,"minecraft:coarse_dirt":5,"minecraft:bone_meal":30,"minecraft:cobweb":3,"minecraft:experience_bottle":9,"minecraft:enchanting_table":1,"minecraft:stone_sword":21,"minecraft:cracked_deepslate_bricks":1,"securitycraft:keypad_chest":3,"minecraft:spruce_planks":516,"botania:black_mystical_flower":1,"minecraft:sculk":19,"minecraft:torch":38,"minecraft:dirt":1403,"scalinghealth:heart_crystal":11,"minecraft:anvil":3,"minecraft:spruce_stairs":1,"minecraft:granite":18,"minecraft:iron_hoe":5,"minecraft:bookshelf":22,"minecraft:iron_axe":197,"minecraft:rooted_dirt":1,"minecraft:iron_boots":2,"scalinghealth:power_crystal":3,"minecraft:barrel":1,"tombstone:gift":10,"minecraft:trapped_chest":2,"minecraft:cobbled_deepslate":235,"minecraft:iron_leggings":1,"minecraft:wheat_seeds":8,"minecraft:cooked_mutton":9,"minecraft:water_bucket":15,"vampirism:altar_inspiration":2,"minecraft:bundle":1,"minecraft:glass_bottle":2,"scalinghealth:chance_heart":3,"minecraft:deepslate_bricks":2,"minecraft:crafting_table":14,"minecraft:white_bed":6,"minecraft:spruce_log":165,"botania:red_mystical_flower":1,"alexsmobs:leafcutter_ant_pupa":4,"minecraft:smoker":5,"tombstone:bag_of_seeds":2,"minecraft:oak_log":7,"minecraft:diamond_pickaxe":247,"minecraft:apple":1,"tombstone:magic_scroll":2,"minecraft:iron_pickaxe":2323,"minecraft:jungle_stairs":1,"minecraft:spruce_sapling":21,"minecraft:stone_axe":57,"minecraft:fishing_rod":13,"minecraft:cobblestone":299,"minecraft:potion":2,"minecraft:bucket":16,"alexsmobs:animal_dictionary":1,"minecraft:gray_wool":51,"minecraft:sculk_catalyst":2}},"DataVersion":3120}